{
  "at": "2026-09-08T05:40:16.097Z",
  "node": "v22.23.2",
  "icu": "78.2",
  "tzdb": "2026a",
  "purpose": "Read-only actual site/SDK comparison and reviewer-only precision model; no product patch or release acceptance.",
  "caseCount": 278,
  "siteSdkAgree": 278,
  "arithmeticFormatChecks": 834,
  "changedByPrecision": 140,
  "instantsChanged": 0,
  "negativeModelShifts": 0,
  "results": [
    {
      "date": "1911-12-31",
      "time": "23:58",
      "zone": "Africa/Ndjamena",
      "source": "historical-subminute-transition",
      "site": {
        "instant": "1911-12-31T22:57:48.000Z",
        "offsetMinutes": 60.2,
        "flags": [
          "dst-fold",
          "lmt"
        ]
      },
      "sdk": {
        "instant": "1911-12-31T22:57:48.000Z",
        "offsetMinutes": 60.2,
        "flags": [
          "dst-fold",
          "lmt"
        ]
      },
      "exactModel": {
        "instant": "1911-12-31T22:57:48.000Z",
        "offsetMinutes": 60.2,
        "flags": [
          "lmt"
        ],
        "matches": 1,
        "gapShiftMinutes": 0
      },
      "changed": true,
      "instantChanged": false
    },
    {
      "date": "1911-12-31",
      "time": "23:59",
      "zone": "Africa/Ndjamena",
      "source": "historical-subminute-transition",
      "site": {
        "instant": "1911-12-31T22:58:48.000Z",
        "offsetMinutes": 60.2,
        "flags": [
          "dst-fold",
          "lmt"
        ]
      },
      "sdk": {
        "instant": "1911-12-31T22:58:48.000Z",
        "offsetMinutes": 60.2,
        "flags": [
          "dst-fold",
          "lmt"
        ]
      },
      "exactModel": {
        "instant": "1911-12-31T22:58:48.000Z",
        "offsetMinutes": 60.2,
        "flags": [
          "lmt"
        ],
        "matches": 1,
        "gapShiftMinutes": 0
      },
      "changed": true,
      "instantChanged": false
    },
    {
      "date": "1912-01-01",
      "time": "00:00",
      "zone": "Africa/Ndjamena",
      "source": "historical-subminute-transition",
      "site": {
        "instant": "1911-12-31T23:00:00.000Z",
        "offsetMinutes": 60,
        "flags": []
      },
      "sdk": {
        "instant": "1911-12-31T23:00:00.000Z",
        "offsetMinutes": 60,
        "flags": []
      },
      "exactModel": {
        "instant": "1911-12-31T23:00:00.000Z",
        "offsetMinutes": 60,
        "flags": [],
        "matches": 1,
        "gapShiftMinutes": 0
      },
      "changed": false,
      "instantChanged": false
    },
    {
      "date": "1912-01-01",
      "time": "00:01",
      "zone": "Africa/Ndjamena",
      "source": "historical-subminute-transition",
      "site": {
        "instant": "1911-12-31T23:01:00.000Z",
        "offsetMinutes": 60,
        "flags": []
      },
      "sdk": {
        "instant": "1911-12-31T23:01:00.000Z",
        "offsetMinutes": 60,
        "flags": []
      },
      "exactModel": {
        "instant": "1911-12-31T23:01:00.000Z",
        "offsetMinutes": 60,
        "flags": [],
        "matches": 1,
        "gapShiftMinutes": 0
      },
      "changed": false,
      "instantChanged": false
    },
    {
      "date": "1912-01-01",
      "time": "00:02",
      "zone": "Africa/Ndjamena",
      "source": "historical-subminute-transition",
      "site": {
        "instant": "1911-12-31T23:02:00.000Z",
        "offsetMinutes": 60,
        "flags": []
      },
      "sdk": {
        "instant": "1911-12-31T23:02:00.000Z",
        "offsetMinutes": 60,
        "flags": []
      },
      "exactModel": {
        "instant": "1911-12-31T23:02:00.000Z",
        "offsetMinutes": 60,
        "flags": [],
        "matches": 1,
        "gapShiftMinutes": 0
      },
      "changed": false,
      "instantChanged": false
    },
    {
      "date": "1911-12-31",
      "time": "23:57",
      "zone": "Africa/Ndjamena",
      "source": "historical-subminute-transition",
      "site": {
        "instant": "1911-12-31T22:56:48.000Z",
        "offsetMinutes": 60.2,
        "flags": [
          "dst-fold",
          "lmt"
        ]
      },
      "sdk": {
        "instant": "1911-12-31T22:56:48.000Z",
        "offsetMinutes": 60.2,
        "flags": [
          "dst-fold",
          "lmt"
        ]
      },
      "exactModel": {
        "instant": "1911-12-31T22:56:48.000Z",
        "offsetMinutes": 60.2,
        "flags": [
          "lmt"
        ],
        "matches": 1,
        "gapShiftMinutes": 0
      },
      "changed": true,
      "instantChanged": false
    },
    {
      "date": "1900-08-20",
      "time": "11:58",
      "zone": "America/Anchorage",
      "source": "historical-subminute-transition",
      "site": {
        "instant": "1900-08-20T21:57:36.000Z",
        "offsetMinutes": -599.6,
        "flags": [
          "dst-fold",
          "lmt"
        ]
      },
      "sdk": {
        "instant": "1900-08-20T21:57:36.000Z",
        "offsetMinutes": -599.6,
        "flags": [
          "dst-fold",
          "lmt"
        ]
      },
      "exactModel": {
        "instant": "1900-08-20T21:57:36.000Z",
        "offsetMinutes": -599.6,
        "flags": [
          "lmt"
        ],
        "matches": 1,
        "gapShiftMinutes": 0
      },
      "changed": true,
      "instantChanged": false
    },
    {
      "date": "1900-08-20",
      "time": "11:59",
      "zone": "America/Anchorage",
      "source": "historical-subminute-transition",
      "site": {
        "instant": "1900-08-20T21:58:36.000Z",
        "offsetMinutes": -599.6,
        "flags": [
          "dst-fold",
          "lmt"
        ]
      },
      "sdk": {
        "instant": "1900-08-20T21:58:36.000Z",
        "offsetMinutes": -599.6,
        "flags": [
          "dst-fold",
          "lmt"
        ]
      },
      "exactModel": {
        "instant": "1900-08-20T21:58:36.000Z",
        "offsetMinutes": -599.6,
        "flags": [
          "lmt"
        ],
        "matches": 1,
        "gapShiftMinutes": 0
      },
      "changed": true,
      "instantChanged": false
    },
    {
      "date": "1900-08-20",
      "time": "12:00",
      "zone": "America/Anchorage",
      "source": "historical-subminute-transition",
      "site": {
        "instant": "1900-08-20T22:00:00.000Z",
        "offsetMinutes": -600,
        "flags": []
      },
      "sdk": {
        "instant": "1900-08-20T22:00:00.000Z",
        "offsetMinutes": -600,
        "flags": []
      },
      "exactModel": {
        "instant": "1900-08-20T22:00:00.000Z",
        "offsetMinutes": -600,
        "flags": [],
        "matches": 1,
        "gapShiftMinutes": 0
      },
      "changed": false,
      "instantChanged": false
    },
    {
      "date": "1900-08-20",
      "time": "12:01",
      "zone": "America/Anchorage",
      "source": "historical-subminute-transition",
      "site": {
        "instant": "1900-08-20T22:01:00.000Z",
        "offsetMinutes": -600,
        "flags": []
      },
      "sdk": {
        "instant": "1900-08-20T22:01:00.000Z",
        "offsetMinutes": -600,
        "flags": []
      },
      "exactModel": {
        "instant": "1900-08-20T22:01:00.000Z",
        "offsetMinutes": -600,
        "flags": [],
        "matches": 1,
        "gapShiftMinutes": 0
      },
      "changed": false,
      "instantChanged": false
    },
    {
      "date": "1900-08-20",
      "time": "12:02",
      "zone": "America/Anchorage",
      "source": "historical-subminute-transition",
      "site": {
        "instant": "1900-08-20T22:02:00.000Z",
        "offsetMinutes": -600,
        "flags": []
      },
      "sdk": {
        "instant": "1900-08-20T22:02:00.000Z",
        "offsetMinutes": -600,
        "flags": []
      },
      "exactModel": {
        "instant": "1900-08-20T22:02:00.000Z",
        "offsetMinutes": -600,
        "flags": [],
        "matches": 1,
        "gapShiftMinutes": 0
      },
      "changed": false,
      "instantChanged": false
    },
    {
      "date": "1900-08-20",
      "time": "11:57",
      "zone": "America/Anchorage",
      "source": "historical-subminute-transition",
      "site": {
        "instant": "1900-08-20T21:56:36.000Z",
        "offsetMinutes": -599.6,
        "flags": [
          "dst-fold",
          "lmt"
        ]
      },
      "sdk": {
        "instant": "1900-08-20T21:56:36.000Z",
        "offsetMinutes": -599.6,
        "flags": [
          "dst-fold",
          "lmt"
        ]
      },
      "exactModel": {
        "instant": "1900-08-20T21:56:36.000Z",
        "offsetMinutes": -599.6,
        "flags": [
          "lmt"
        ],
        "matches": 1,
        "gapShiftMinutes": 0
      },
      "changed": true,
      "instantChanged": false
    },
    {
      "date": "1889-12-31",
      "time": "23:58",
      "zone": "America/Caracas",
      "source": "historical-subminute-transition",
      "site": {
        "instant": "1890-01-01T04:25:44.000Z",
        "offsetMinutes": -267.73333333333335,
        "flags": [
          "lmt"
        ]
      },
      "sdk": {
        "instant": "1890-01-01T04:25:44.000Z",
        "offsetMinutes": -267.73333333333335,
        "flags": [
          "lmt"
        ]
      },
      "exactModel": {
        "instant": "1890-01-01T04:25:44.000Z",
        "offsetMinutes": -267.73333333333335,
        "flags": [
          "lmt"
        ],
        "matches": 1,
        "gapShiftMinutes": 0
      },
      "changed": false,
      "instantChanged": false
    },
    {
      "date": "1889-12-31",
      "time": "23:59",
      "zone": "America/Caracas",
      "source": "historical-subminute-transition",
      "site": {
        "instant": "1890-01-01T04:26:44.000Z",
        "offsetMinutes": -267.73333333333335,
        "flags": [
          "lmt"
        ]
      },
      "sdk": {
        "instant": "1890-01-01T04:26:44.000Z",
        "offsetMinutes": -267.73333333333335,
        "flags": [
          "lmt"
        ]
      },
      "exactModel": {
        "instant": "1890-01-01T04:26:44.000Z",
        "offsetMinutes": -267.73333333333335,
        "flags": [
          "lmt"
        ],
        "matches": 1,
        "gapShiftMinutes": 0
      },
      "changed": false,
      "instantChanged": false
    },
    {
      "date": "1890-01-01",
      "time": "00:00",
      "zone": "America/Caracas",
      "source": "historical-subminute-transition",
      "site": {
        "instant": "1890-01-01T04:27:44.000Z",
        "offsetMinutes": -267.6666666666667,
        "flags": [
          "lmt"
        ]
      },
      "sdk": {
        "instant": "1890-01-01T04:27:44.000Z",
        "offsetMinutes": -267.6666666666667,
        "flags": [
          "lmt"
        ]
      },
      "exactModel": {
        "instant": "1890-01-01T04:27:44.000Z",
        "offsetMinutes": -267.6666666666667,
        "flags": [
          "dst-gap",
          "lmt"
        ],
        "matches": 0,
        "gapShiftMinutes": 0.06666666666666667
      },
      "changed": true,
      "instantChanged": false
    },
    {
      "date": "1890-01-01",
      "time": "00:01",
      "zone": "America/Caracas",
      "source": "historical-subminute-transition",
      "site": {
        "instant": "1890-01-01T04:28:40.000Z",
        "offsetMinutes": -267.6666666666667,
        "flags": [
          "dst-fold",
          "lmt"
        ]
      },
      "sdk": {
        "instant": "1890-01-01T04:28:40.000Z",
        "offsetMinutes": -267.6666666666667,
        "flags": [
          "dst-fold",
          "lmt"
        ]
      },
      "exactModel": {
        "instant": "1890-01-01T04:28:40.000Z",
        "offsetMinutes": -267.6666666666667,
        "flags": [
          "lmt"
        ],
        "matches": 1,
        "gapShiftMinutes": 0
      },
      "changed": true,
      "instantChanged": false
    },
    {
      "date": "1890-01-01",
      "time": "00:02",
      "zone": "America/Caracas",
      "source": "historical-subminute-transition",
      "site": {
        "instant": "1890-01-01T04:29:40.000Z",
        "offsetMinutes": -267.6666666666667,
        "flags": [
          "dst-fold",
          "lmt"
        ]
      },
      "sdk": {
        "instant": "1890-01-01T04:29:40.000Z",
        "offsetMinutes": -267.6666666666667,
        "flags": [
          "dst-fold",
          "lmt"
        ]
      },
      "exactModel": {
        "instant": "1890-01-01T04:29:40.000Z",
        "offsetMinutes": -267.6666666666667,
        "flags": [
          "lmt"
        ],
        "matches": 1,
        "gapShiftMinutes": 0
      },
      "changed": true,
      "instantChanged": false
    },
    {
      "date": "1883-12-31",
      "time": "23:58",
      "zone": "America/Dawson_Creek",
      "source": "historical-subminute-transition",
      "site": {
        "instant": "1884-01-01T07:58:56.000Z",
        "offsetMinutes": -480.93333333333334,
        "flags": [
          "lmt"
        ]
      },
      "sdk": {
        "instant": "1884-01-01T07:58:56.000Z",
        "offsetMinutes": -480.93333333333334,
        "flags": [
          "lmt"
        ]
      },
      "exactModel": {
        "instant": "1884-01-01T07:58:56.000Z",
        "offsetMinutes": -480.93333333333334,
        "flags": [
          "lmt"
        ],
        "matches": 1,
        "gapShiftMinutes": 0
      },
      "changed": false,
      "instantChanged": false
    },
    {
      "date": "1883-12-31",
      "time": "23:59",
      "zone": "America/Dawson_Creek",
      "source": "historical-subminute-transition",
      "site": {
        "instant": "1884-01-01T07:59:56.000Z",
        "offsetMinutes": -480.93333333333334,
        "flags": [
          "lmt"
        ]
      },
      "sdk": {
        "instant": "1884-01-01T07:59:56.000Z",
        "offsetMinutes": -480.93333333333334,
        "flags": [
          "lmt"
        ]
      },
      "exactModel": {
        "instant": "1884-01-01T07:59:56.000Z",
        "offsetMinutes": -480.93333333333334,
        "flags": [
          "lmt"
        ],
        "matches": 1,
        "gapShiftMinutes": 0
      },
      "changed": false,
      "instantChanged": false
    },
    {
      "date": "1884-01-01",
      "time": "00:00",
      "zone": "America/Dawson_Creek",
      "source": "historical-subminute-transition",
      "site": {
        "instant": "1884-01-01T08:00:56.000Z",
        "offsetMinutes": -480,
        "flags": []
      },
      "sdk": {
        "instant": "1884-01-01T08:00:56.000Z",
        "offsetMinutes": -480,
        "flags": []
      },
      "exactModel": {
        "instant": "1884-01-01T08:00:56.000Z",
        "offsetMinutes": -480,
        "flags": [
          "dst-gap"
        ],
        "matches": 0,
        "gapShiftMinutes": 0.9333333333333333
      },
      "changed": true,
      "instantChanged": false
    },
    {
      "date": "1884-01-01",
      "time": "00:01",
      "zone": "America/Dawson_Creek",
      "source": "historical-subminute-transition",
      "site": {
        "instant": "1884-01-01T08:01:00.000Z",
        "offsetMinutes": -480,
        "flags": [
          "dst-fold"
        ]
      },
      "sdk": {
        "instant": "1884-01-01T08:01:00.000Z",
        "offsetMinutes": -480,
        "flags": [
          "dst-fold"
        ]
      },
      "exactModel": {
        "instant": "1884-01-01T08:01:00.000Z",
        "offsetMinutes": -480,
        "flags": [],
        "matches": 1,
        "gapShiftMinutes": 0
      },
      "changed": true,
      "instantChanged": false
    },
    {
      "date": "1884-01-01",
      "time": "00:02",
      "zone": "America/Dawson_Creek",
      "source": "historical-subminute-transition",
      "site": {
        "instant": "1884-01-01T08:02:00.000Z",
        "offsetMinutes": -480,
        "flags": [
          "dst-fold"
        ]
      },
      "sdk": {
        "instant": "1884-01-01T08:02:00.000Z",
        "offsetMinutes": -480,
        "flags": [
          "dst-fold"
        ]
      },
      "exactModel": {
        "instant": "1884-01-01T08:02:00.000Z",
        "offsetMinutes": -480,
        "flags": [],
        "matches": 1,
        "gapShiftMinutes": 0
      },
      "changed": true,
      "instantChanged": false
    },
    {
      "date": "1883-11-18",
      "time": "11:58",
      "zone": "America/Denver",
      "source": "historical-subminute-transition",
      "site": {
        "instant": "1883-11-18T18:57:56.000Z",
        "offsetMinutes": -419.93333333333334,
        "flags": [
          "dst-fold",
          "lmt"
        ]
      },
      "sdk": {
        "instant": "1883-11-18T18:57:56.000Z",
        "offsetMinutes": -419.93333333333334,
        "flags": [
          "dst-fold",
          "lmt"
        ]
      },
      "exactModel": {
        "instant": "1883-11-18T18:57:56.000Z",
        "offsetMinutes": -419.93333333333334,
        "flags": [
          "lmt"
        ],
        "matches": 1,
        "gapShiftMinutes": 0
      },
      "changed": true,
      "instantChanged": false
    },
    {
      "date": "1883-11-18",
      "time": "11:59",
      "zone": "America/Denver",
      "source": "historical-subminute-transition",
      "site": {
        "instant": "1883-11-18T18:58:56.000Z",
        "offsetMinutes": -419.93333333333334,
        "flags": [
          "dst-fold",
          "lmt"
        ]
      },
      "sdk": {
        "instant": "1883-11-18T18:58:56.000Z",
        "offsetMinutes": -419.93333333333334,
        "flags": [
          "dst-fold",
          "lmt"
        ]
      },
      "exactModel": {
        "instant": "1883-11-18T18:58:56.000Z",
        "offsetMinutes": -419.93333333333334,
        "flags": [
          "lmt"
        ],
        "matches": 1,
        "gapShiftMinutes": 0
      },
      "changed": true,
      "instantChanged": false
    },
    {
      "date": "1883-11-18",
      "time": "12:00",
      "zone": "America/Denver",
      "source": "historical-subminute-transition",
      "site": {
        "instant": "1883-11-18T18:59:56.000Z",
        "offsetMinutes": -419.93333333333334,
        "flags": [
          "dst-fold",
          "lmt"
        ]
      },
      "sdk": {
        "instant": "1883-11-18T18:59:56.000Z",
        "offsetMinutes": -419.93333333333334,
        "flags": [
          "dst-fold",
          "lmt"
        ]
      },
      "exactModel": {
        "instant": "1883-11-18T18:59:56.000Z",
        "offsetMinutes": -419.93333333333334,
        "flags": [
          "dst-fold",
          "lmt"
        ],
        "matches": 2,
        "gapShiftMinutes": 0
      },
      "changed": false,
      "instantChanged": false
    },
    {
      "date": "1883-11-18",
      "time": "12:01",
      "zone": "America/Denver",
      "source": "historical-subminute-transition",
      "site": {
        "instant": "1883-11-18T19:01:00.000Z",
        "offsetMinutes": -420,
        "flags": []
      },
      "sdk": {
        "instant": "1883-11-18T19:01:00.000Z",
        "offsetMinutes": -420,
        "flags": []
      },
      "exactModel": {
        "instant": "1883-11-18T19:01:00.000Z",
        "offsetMinutes": -420,
        "flags": [],
        "matches": 1,
        "gapShiftMinutes": 0
      },
      "changed": false,
      "instantChanged": false
    },
    {
      "date": "1883-11-18",
      "time": "12:02",
      "zone": "America/Denver",
      "source": "historical-subminute-transition",
      "site": {
        "instant": "1883-11-18T19:02:00.000Z",
        "offsetMinutes": -420,
        "flags": []
      },
      "sdk": {
        "instant": "1883-11-18T19:02:00.000Z",
        "offsetMinutes": -420,
        "flags": []
      },
      "exactModel": {
        "instant": "1883-11-18T19:02:00.000Z",
        "offsetMinutes": -420,
        "flags": [],
        "matches": 1,
        "gapShiftMinutes": 0
      },
      "changed": false,
      "instantChanged": false
    },
    {
      "date": "1902-06-14",
      "time": "23:58",
      "zone": "America/Glace_Bay",
      "source": "historical-subminute-transition",
      "site": {
        "instant": "1902-06-15T03:57:48.000Z",
        "offsetMinutes": -239.8,
        "flags": [
          "dst-fold",
          "lmt"
        ]
      },
      "sdk": {
        "instant": "1902-06-15T03:57:48.000Z",
        "offsetMinutes": -239.8,
        "flags": [
          "dst-fold",
          "lmt"
        ]
      },
      "exactModel": {
        "instant": "1902-06-15T03:57:48.000Z",
        "offsetMinutes": -239.8,
        "flags": [
          "lmt"
        ],
        "matches": 1,
        "gapShiftMinutes": 0
      },
      "changed": true,
      "instantChanged": false
    },
    {
      "date": "1902-06-14",
      "time": "23:59",
      "zone": "America/Glace_Bay",
      "source": "historical-subminute-transition",
      "site": {
        "instant": "1902-06-15T03:58:48.000Z",
        "offsetMinutes": -239.8,
        "flags": [
          "dst-fold",
          "lmt"
        ]
      },
      "sdk": {
        "instant": "1902-06-15T03:58:48.000Z",
        "offsetMinutes": -239.8,
        "flags": [
          "dst-fold",
          "lmt"
        ]
      },
      "exactModel": {
        "instant": "1902-06-15T03:58:48.000Z",
        "offsetMinutes": -239.8,
        "flags": [
          "lmt"
        ],
        "matches": 1,
        "gapShiftMinutes": 0
      },
      "changed": true,
      "instantChanged": false
    },
    {
      "date": "1902-06-15",
      "time": "00:00",
      "zone": "America/Glace_Bay",
      "source": "historical-subminute-transition",
      "site": {
        "instant": "1902-06-15T04:00:00.000Z",
        "offsetMinutes": -240,
        "flags": []
      },
      "sdk": {
        "instant": "1902-06-15T04:00:00.000Z",
        "offsetMinutes": -240,
        "flags": []
      },
      "exactModel": {
        "instant": "1902-06-15T04:00:00.000Z",
        "offsetMinutes": -240,
        "flags": [],
        "matches": 1,
        "gapShiftMinutes": 0
      },
      "changed": false,
      "instantChanged": false
    },
    {
      "date": "1902-06-15",
      "time": "00:01",
      "zone": "America/Glace_Bay",
      "source": "historical-subminute-transition",
      "site": {
        "instant": "1902-06-15T04:01:00.000Z",
        "offsetMinutes": -240,
        "flags": []
      },
      "sdk": {
        "instant": "1902-06-15T04:01:00.000Z",
        "offsetMinutes": -240,
        "flags": []
      },
      "exactModel": {
        "instant": "1902-06-15T04:01:00.000Z",
        "offsetMinutes": -240,
        "flags": [],
        "matches": 1,
        "gapShiftMinutes": 0
      },
      "changed": false,
      "instantChanged": false
    },
    {
      "date": "1902-06-15",
      "time": "00:02",
      "zone": "America/Glace_Bay",
      "source": "historical-subminute-transition",
      "site": {
        "instant": "1902-06-15T04:02:00.000Z",
        "offsetMinutes": -240,
        "flags": []
      },
      "sdk": {
        "instant": "1902-06-15T04:02:00.000Z",
        "offsetMinutes": -240,
        "flags": []
      },
      "exactModel": {
        "instant": "1902-06-15T04:02:00.000Z",
        "offsetMinutes": -240,
        "flags": [],
        "matches": 1,
        "gapShiftMinutes": 0
      },
      "changed": false,
      "instantChanged": false
    },
    {
      "date": "1902-06-14",
      "time": "23:57",
      "zone": "America/Glace_Bay",
      "source": "historical-subminute-transition",
      "site": {
        "instant": "1902-06-15T03:56:48.000Z",
        "offsetMinutes": -239.8,
        "flags": [
          "dst-fold",
          "lmt"
        ]
      },
      "sdk": {
        "instant": "1902-06-15T03:56:48.000Z",
        "offsetMinutes": -239.8,
        "flags": [
          "dst-fold",
          "lmt"
        ]
      },
      "exactModel": {
        "instant": "1902-06-15T03:56:48.000Z",
        "offsetMinutes": -239.8,
        "flags": [
          "lmt"
        ],
        "matches": 1,
        "gapShiftMinutes": 0
      },
      "changed": true,
      "instantChanged": false
    },
    {
      "date": "1935-03-29",
      "time": "23:58",
      "zone": "America/Goose_Bay",
      "source": "historical-subminute-transition",
      "site": {
        "instant": "1935-03-30T03:28:52.000Z",
        "offsetMinutes": -210.86666666666667,
        "flags": [
          "lmt"
        ]
      },
      "sdk": {
        "instant": "1935-03-30T03:28:52.000Z",
        "offsetMinutes": -210.86666666666667,
        "flags": [
          "lmt"
        ]
      },
      "exactModel": {
        "instant": "1935-03-30T03:28:52.000Z",
        "offsetMinutes": -210.86666666666667,
        "flags": [
          "lmt"
        ],
        "matches": 1,
        "gapShiftMinutes": 0
      },
      "changed": false,
      "instantChanged": false
    },
    {
      "date": "1935-03-29",
      "time": "23:59",
      "zone": "America/Goose_Bay",
      "source": "historical-subminute-transition",
      "site": {
        "instant": "1935-03-30T03:29:52.000Z",
        "offsetMinutes": -210.86666666666667,
        "flags": [
          "lmt"
        ]
      },
      "sdk": {
        "instant": "1935-03-30T03:29:52.000Z",
        "offsetMinutes": -210.86666666666667,
        "flags": [
          "lmt"
        ]
      },
      "exactModel": {
        "instant": "1935-03-30T03:29:52.000Z",
        "offsetMinutes": -210.86666666666667,
        "flags": [
          "lmt"
        ],
        "matches": 1,
        "gapShiftMinutes": 0
      },
      "changed": false,
      "instantChanged": false
    },
    {
      "date": "1935-03-30",
      "time": "00:00",
      "zone": "America/Goose_Bay",
      "source": "historical-subminute-transition",
      "site": {
        "instant": "1935-03-30T03:30:52.000Z",
        "offsetMinutes": -210,
        "flags": []
      },
      "sdk": {
        "instant": "1935-03-30T03:30:52.000Z",
        "offsetMinutes": -210,
        "flags": []
      },
      "exactModel": {
        "instant": "1935-03-30T03:30:52.000Z",
        "offsetMinutes": -210,
        "flags": [
          "dst-gap"
        ],
        "matches": 0,
        "gapShiftMinutes": 0.8666666666666667
      },
      "changed": true,
      "instantChanged": false
    },
    {
      "date": "1935-03-30",
      "time": "00:01",
      "zone": "America/Goose_Bay",
      "source": "historical-subminute-transition",
      "site": {
        "instant": "1935-03-30T03:31:00.000Z",
        "offsetMinutes": -210,
        "flags": [
          "dst-fold"
        ]
      },
      "sdk": {
        "instant": "1935-03-30T03:31:00.000Z",
        "offsetMinutes": -210,
        "flags": [
          "dst-fold"
        ]
      },
      "exactModel": {
        "instant": "1935-03-30T03:31:00.000Z",
        "offsetMinutes": -210,
        "flags": [],
        "matches": 1,
        "gapShiftMinutes": 0
      },
      "changed": true,
      "instantChanged": false
    },
    {
      "date": "1935-03-30",
      "time": "00:02",
      "zone": "America/Goose_Bay",
      "source": "historical-subminute-transition",
      "site": {
        "instant": "1935-03-30T03:32:00.000Z",
        "offsetMinutes": -210,
        "flags": [
          "dst-fold"
        ]
      },
      "sdk": {
        "instant": "1935-03-30T03:32:00.000Z",
        "offsetMinutes": -210,
        "flags": [
          "dst-fold"
        ]
      },
      "exactModel": {
        "instant": "1935-03-30T03:32:00.000Z",
        "offsetMinutes": -210,
        "flags": [],
        "matches": 1,
        "gapShiftMinutes": 0
      },
      "changed": true,
      "instantChanged": false
    },
    {
      "date": "1889-12-31",
      "time": "23:58",
      "zone": "America/Havana",
      "source": "historical-subminute-transition",
      "site": {
        "instant": "1890-01-01T05:27:28.000Z",
        "offsetMinutes": -329.46666666666664,
        "flags": [
          "dst-fold",
          "lmt"
        ]
      },
      "sdk": {
        "instant": "1890-01-01T05:27:28.000Z",
        "offsetMinutes": -329.46666666666664,
        "flags": [
          "dst-fold",
          "lmt"
        ]
      },
      "exactModel": {
        "instant": "1890-01-01T05:27:28.000Z",
        "offsetMinutes": -329.46666666666664,
        "flags": [
          "lmt"
        ],
        "matches": 1,
        "gapShiftMinutes": 0
      },
      "changed": true,
      "instantChanged": false
    },
    {
      "date": "1889-12-31",
      "time": "23:59",
      "zone": "America/Havana",
      "source": "historical-subminute-transition",
      "site": {
        "instant": "1890-01-01T05:28:28.000Z",
        "offsetMinutes": -329.46666666666664,
        "flags": [
          "dst-fold",
          "lmt"
        ]
      },
      "sdk": {
        "instant": "1890-01-01T05:28:28.000Z",
        "offsetMinutes": -329.46666666666664,
        "flags": [
          "dst-fold",
          "lmt"
        ]
      },
      "exactModel": {
        "instant": "1890-01-01T05:28:28.000Z",
        "offsetMinutes": -329.46666666666664,
        "flags": [
          "lmt"
        ],
        "matches": 1,
        "gapShiftMinutes": 0
      },
      "changed": true,
      "instantChanged": false
    },
    {
      "date": "1890-01-01",
      "time": "00:00",
      "zone": "America/Havana",
      "source": "historical-subminute-transition",
      "site": {
        "instant": "1890-01-01T05:29:36.000Z",
        "offsetMinutes": -329.6,
        "flags": [
          "lmt"
        ]
      },
      "sdk": {
        "instant": "1890-01-01T05:29:36.000Z",
        "offsetMinutes": -329.6,
        "flags": [
          "lmt"
        ]
      },
      "exactModel": {
        "instant": "1890-01-01T05:29:36.000Z",
        "offsetMinutes": -329.6,
        "flags": [
          "lmt"
        ],
        "matches": 1,
        "gapShiftMinutes": 0
      },
      "changed": false,
      "instantChanged": false
    },
    {
      "date": "1890-01-01",
      "time": "00:01",
      "zone": "America/Havana",
      "source": "historical-subminute-transition",
      "site": {
        "instant": "1890-01-01T05:30:36.000Z",
        "offsetMinutes": -329.6,
        "flags": [
          "lmt"
        ]
      },
      "sdk": {
        "instant": "1890-01-01T05:30:36.000Z",
        "offsetMinutes": -329.6,
        "flags": [
          "lmt"
        ]
      },
      "exactModel": {
        "instant": "1890-01-01T05:30:36.000Z",
        "offsetMinutes": -329.6,
        "flags": [
          "lmt"
        ],
        "matches": 1,
        "gapShiftMinutes": 0
      },
      "changed": false,
      "instantChanged": false
    },
    {
      "date": "1890-01-01",
      "time": "00:02",
      "zone": "America/Havana",
      "source": "historical-subminute-transition",
      "site": {
        "instant": "1890-01-01T05:31:36.000Z",
        "offsetMinutes": -329.6,
        "flags": [
          "lmt"
        ]
      },
      "sdk": {
        "instant": "1890-01-01T05:31:36.000Z",
        "offsetMinutes": -329.6,
        "flags": [
          "lmt"
        ]
      },
      "exactModel": {
        "instant": "1890-01-01T05:31:36.000Z",
        "offsetMinutes": -329.6,
        "flags": [
          "lmt"
        ],
        "matches": 1,
        "gapShiftMinutes": 0
      },
      "changed": false,
      "instantChanged": false
    },
    {
      "date": "1889-12-31",
      "time": "23:57",
      "zone": "America/Havana",
      "source": "historical-subminute-transition",
      "site": {
        "instant": "1890-01-01T05:26:28.000Z",
        "offsetMinutes": -329.46666666666664,
        "flags": [
          "dst-fold",
          "lmt"
        ]
      },
      "sdk": {
        "instant": "1890-01-01T05:26:28.000Z",
        "offsetMinutes": -329.46666666666664,
        "flags": [
          "dst-fold",
          "lmt"
        ]
      },
      "exactModel": {
        "instant": "1890-01-01T05:26:28.000Z",
        "offsetMinutes": -329.46666666666664,
        "flags": [
          "lmt"
        ],
        "matches": 1,
        "gapShiftMinutes": 0
      },
      "changed": true,
      "instantChanged": false
    },
    {
      "date": "1889-12-31",
      "time": "23:58",
      "zone": "America/Lima",
      "source": "historical-subminute-transition",
      "site": {
        "instant": "1890-01-01T05:06:12.000Z",
        "offsetMinutes": -308.2,
        "flags": [
          "dst-fold",
          "lmt"
        ]
      },
      "sdk": {
        "instant": "1890-01-01T05:06:12.000Z",
        "offsetMinutes": -308.2,
        "flags": [
          "dst-fold",
          "lmt"
        ]
      },
      "exactModel": {
        "instant": "1890-01-01T05:06:12.000Z",
        "offsetMinutes": -308.2,
        "flags": [
          "lmt"
        ],
        "matches": 1,
        "gapShiftMinutes": 0
      },
      "changed": true,
      "instantChanged": false
    },
    {
      "date": "1889-12-31",
      "time": "23:59",
      "zone": "America/Lima",
      "source": "historical-subminute-transition",
      "site": {
        "instant": "1890-01-01T05:07:12.000Z",
        "offsetMinutes": -308.2,
        "flags": [
          "dst-fold",
          "lmt"
        ]
      },
      "sdk": {
        "instant": "1890-01-01T05:07:12.000Z",
        "offsetMinutes": -308.2,
        "flags": [
          "dst-fold",
          "lmt"
        ]
      },
      "exactModel": {
        "instant": "1890-01-01T05:07:12.000Z",
        "offsetMinutes": -308.2,
        "flags": [
          "lmt"
        ],
        "matches": 1,
        "gapShiftMinutes": 0
      },
      "changed": true,
      "instantChanged": false
    },
    {
      "date": "1890-01-01",
      "time": "00:00",
      "zone": "America/Lima",
      "source": "historical-subminute-transition",
      "site": {
        "instant": "1890-01-01T05:08:36.000Z",
        "offsetMinutes": -308.6,
        "flags": [
          "lmt"
        ]
      },
      "sdk": {
        "instant": "1890-01-01T05:08:36.000Z",
        "offsetMinutes": -308.6,
        "flags": [
          "lmt"
        ]
      },
      "exactModel": {
        "instant": "1890-01-01T05:08:36.000Z",
        "offsetMinutes": -308.6,
        "flags": [
          "lmt"
        ],
        "matches": 1,
        "gapShiftMinutes": 0
      },
      "changed": false,
      "instantChanged": false
    },
    {
      "date": "1890-01-01",
      "time": "00:01",
      "zone": "America/Lima",
      "source": "historical-subminute-transition",
      "site": {
        "instant": "1890-01-01T05:09:36.000Z",
        "offsetMinutes": -308.6,
        "flags": [
          "lmt"
        ]
      },
      "sdk": {
        "instant": "1890-01-01T05:09:36.000Z",
        "offsetMinutes": -308.6,
        "flags": [
          "lmt"
        ]
      },
      "exactModel": {
        "instant": "1890-01-01T05:09:36.000Z",
        "offsetMinutes": -308.6,
        "flags": [
          "lmt"
        ],
        "matches": 1,
        "gapShiftMinutes": 0
      },
      "changed": false,
      "instantChanged": false
    },
    {
      "date": "1890-01-01",
      "time": "00:02",
      "zone": "America/Lima",
      "source": "historical-subminute-transition",
      "site": {
        "instant": "1890-01-01T05:10:36.000Z",
        "offsetMinutes": -308.6,
        "flags": [
          "lmt"
        ]
      },
      "sdk": {
        "instant": "1890-01-01T05:10:36.000Z",
        "offsetMinutes": -308.6,
        "flags": [
          "lmt"
        ]
      },
      "exactModel": {
        "instant": "1890-01-01T05:10:36.000Z",
        "offsetMinutes": -308.6,
        "flags": [
          "lmt"
        ],
        "matches": 1,
        "gapShiftMinutes": 0
      },
      "changed": false,
      "instantChanged": false
    },
    {
      "date": "1889-12-31",
      "time": "23:57",
      "zone": "America/Lima",
      "source": "historical-subminute-transition",
      "site": {
        "instant": "1890-01-01T05:05:12.000Z",
        "offsetMinutes": -308.2,
        "flags": [
          "dst-fold",
          "lmt"
        ]
      },
      "sdk": {
        "instant": "1890-01-01T05:05:12.000Z",
        "offsetMinutes": -308.2,
        "flags": [
          "dst-fold",
          "lmt"
        ]
      },
      "exactModel": {
        "instant": "1890-01-01T05:05:12.000Z",
        "offsetMinutes": -308.2,
        "flags": [
          "lmt"
        ],
        "matches": 1,
        "gapShiftMinutes": 0
      },
      "changed": true,
      "instantChanged": false
    },
    {
      "date": "1889-12-31",
      "time": "23:58",
      "zone": "America/Managua",
      "source": "historical-subminute-transition",
      "site": {
        "instant": "1890-01-01T05:43:08.000Z",
        "offsetMinutes": -345.1333333333333,
        "flags": [
          "dst-fold",
          "lmt"
        ]
      },
      "sdk": {
        "instant": "1890-01-01T05:43:08.000Z",
        "offsetMinutes": -345.1333333333333,
        "flags": [
          "dst-fold",
          "lmt"
        ]
      },
      "exactModel": {
        "instant": "1890-01-01T05:43:08.000Z",
        "offsetMinutes": -345.1333333333333,
        "flags": [
          "lmt"
        ],
        "matches": 1,
        "gapShiftMinutes": 0
      },
      "changed": true,
      "instantChanged": false
    },
    {
      "date": "1889-12-31",
      "time": "23:59",
      "zone": "America/Managua",
      "source": "historical-subminute-transition",
      "site": {
        "instant": "1890-01-01T05:44:08.000Z",
        "offsetMinutes": -345.1333333333333,
        "flags": [
          "dst-fold",
          "lmt"
        ]
      },
      "sdk": {
        "instant": "1890-01-01T05:44:08.000Z",
        "offsetMinutes": -345.1333333333333,
        "flags": [
          "dst-fold",
          "lmt"
        ]
      },
      "exactModel": {
        "instant": "1890-01-01T05:44:08.000Z",
        "offsetMinutes": -345.1333333333333,
        "flags": [
          "lmt"
        ],
        "matches": 1,
        "gapShiftMinutes": 0
      },
      "changed": true,
      "instantChanged": false
    },
    {
      "date": "1890-01-01",
      "time": "00:00",
      "zone": "America/Managua",
      "source": "historical-subminute-transition",
      "site": {
        "instant": "1890-01-01T05:45:12.000Z",
        "offsetMinutes": -345.2,
        "flags": [
          "lmt"
        ]
      },
      "sdk": {
        "instant": "1890-01-01T05:45:12.000Z",
        "offsetMinutes": -345.2,
        "flags": [
          "lmt"
        ]
      },
      "exactModel": {
        "instant": "1890-01-01T05:45:12.000Z",
        "offsetMinutes": -345.2,
        "flags": [
          "lmt"
        ],
        "matches": 1,
        "gapShiftMinutes": 0
      },
      "changed": false,
      "instantChanged": false
    },
    {
      "date": "1890-01-01",
      "time": "00:01",
      "zone": "America/Managua",
      "source": "historical-subminute-transition",
      "site": {
        "instant": "1890-01-01T05:46:12.000Z",
        "offsetMinutes": -345.2,
        "flags": [
          "lmt"
        ]
      },
      "sdk": {
        "instant": "1890-01-01T05:46:12.000Z",
        "offsetMinutes": -345.2,
        "flags": [
          "lmt"
        ]
      },
      "exactModel": {
        "instant": "1890-01-01T05:46:12.000Z",
        "offsetMinutes": -345.2,
        "flags": [
          "lmt"
        ],
        "matches": 1,
        "gapShiftMinutes": 0
      },
      "changed": false,
      "instantChanged": false
    },
    {
      "date": "1890-01-01",
      "time": "00:02",
      "zone": "America/Managua",
      "source": "historical-subminute-transition",
      "site": {
        "instant": "1890-01-01T05:47:12.000Z",
        "offsetMinutes": -345.2,
        "flags": [
          "lmt"
        ]
      },
      "sdk": {
        "instant": "1890-01-01T05:47:12.000Z",
        "offsetMinutes": -345.2,
        "flags": [
          "lmt"
        ]
      },
      "exactModel": {
        "instant": "1890-01-01T05:47:12.000Z",
        "offsetMinutes": -345.2,
        "flags": [
          "lmt"
        ],
        "matches": 1,
        "gapShiftMinutes": 0
      },
      "changed": false,
      "instantChanged": false
    },
    {
      "date": "1889-12-31",
      "time": "23:57",
      "zone": "America/Managua",
      "source": "historical-subminute-transition",
      "site": {
        "instant": "1890-01-01T05:42:08.000Z",
        "offsetMinutes": -345.1333333333333,
        "flags": [
          "dst-fold",
          "lmt"
        ]
      },
      "sdk": {
        "instant": "1890-01-01T05:42:08.000Z",
        "offsetMinutes": -345.1333333333333,
        "flags": [
          "dst-fold",
          "lmt"
        ]
      },
      "exactModel": {
        "instant": "1890-01-01T05:42:08.000Z",
        "offsetMinutes": -345.1333333333333,
        "flags": [
          "lmt"
        ],
        "matches": 1,
        "gapShiftMinutes": 0
      },
      "changed": true,
      "instantChanged": false
    },
    {
      "date": "1913-12-31",
      "time": "23:58",
      "zone": "America/Manaus",
      "source": "historical-subminute-transition",
      "site": {
        "instant": "1914-01-01T03:58:04.000Z",
        "offsetMinutes": -240.06666666666666,
        "flags": [
          "lmt"
        ]
      },
      "sdk": {
        "instant": "1914-01-01T03:58:04.000Z",
        "offsetMinutes": -240.06666666666666,
        "flags": [
          "lmt"
        ]
      },
      "exactModel": {
        "instant": "1914-01-01T03:58:04.000Z",
        "offsetMinutes": -240.06666666666666,
        "flags": [
          "lmt"
        ],
        "matches": 1,
        "gapShiftMinutes": 0
      },
      "changed": false,
      "instantChanged": false
    },
    {
      "date": "1913-12-31",
      "time": "23:59",
      "zone": "America/Manaus",
      "source": "historical-subminute-transition",
      "site": {
        "instant": "1914-01-01T03:59:04.000Z",
        "offsetMinutes": -240.06666666666666,
        "flags": [
          "lmt"
        ]
      },
      "sdk": {
        "instant": "1914-01-01T03:59:04.000Z",
        "offsetMinutes": -240.06666666666666,
        "flags": [
          "lmt"
        ]
      },
      "exactModel": {
        "instant": "1914-01-01T03:59:04.000Z",
        "offsetMinutes": -240.06666666666666,
        "flags": [
          "lmt"
        ],
        "matches": 1,
        "gapShiftMinutes": 0
      },
      "changed": false,
      "instantChanged": false
    },
    {
      "date": "1914-01-01",
      "time": "00:00",
      "zone": "America/Manaus",
      "source": "historical-subminute-transition",
      "site": {
        "instant": "1914-01-01T04:00:04.000Z",
        "offsetMinutes": -240,
        "flags": []
      },
      "sdk": {
        "instant": "1914-01-01T04:00:04.000Z",
        "offsetMinutes": -240,
        "flags": []
      },
      "exactModel": {
        "instant": "1914-01-01T04:00:04.000Z",
        "offsetMinutes": -240,
        "flags": [
          "dst-gap"
        ],
        "matches": 0,
        "gapShiftMinutes": 0.06666666666666667
      },
      "changed": true,
      "instantChanged": false
    },
    {
      "date": "1914-01-01",
      "time": "00:01",
      "zone": "America/Manaus",
      "source": "historical-subminute-transition",
      "site": {
        "instant": "1914-01-01T04:01:00.000Z",
        "offsetMinutes": -240,
        "flags": [
          "dst-fold"
        ]
      },
      "sdk": {
        "instant": "1914-01-01T04:01:00.000Z",
        "offsetMinutes": -240,
        "flags": [
          "dst-fold"
        ]
      },
      "exactModel": {
        "instant": "1914-01-01T04:01:00.000Z",
        "offsetMinutes": -240,
        "flags": [],
        "matches": 1,
        "gapShiftMinutes": 0
      },
      "changed": true,
      "instantChanged": false
    },
    {
      "date": "1914-01-01",
      "time": "00:02",
      "zone": "America/Manaus",
      "source": "historical-subminute-transition",
      "site": {
        "instant": "1914-01-01T04:02:00.000Z",
        "offsetMinutes": -240,
        "flags": [
          "dst-fold"
        ]
      },
      "sdk": {
        "instant": "1914-01-01T04:02:00.000Z",
        "offsetMinutes": -240,
        "flags": [
          "dst-fold"
        ]
      },
      "exactModel": {
        "instant": "1914-01-01T04:02:00.000Z",
        "offsetMinutes": -240,
        "flags": [],
        "matches": 1,
        "gapShiftMinutes": 0
      },
      "changed": true,
      "instantChanged": false
    },
    {
      "date": "1910-12-31",
      "time": "23:58",
      "zone": "America/Paramaribo",
      "source": "historical-subminute-transition",
      "site": {
        "instant": "1911-01-01T03:38:40.000Z",
        "offsetMinutes": -220.66666666666666,
        "flags": [
          "dst-fold",
          "lmt"
        ]
      },
      "sdk": {
        "instant": "1911-01-01T03:38:40.000Z",
        "offsetMinutes": -220.66666666666666,
        "flags": [
          "dst-fold",
          "lmt"
        ]
      },
      "exactModel": {
        "instant": "1911-01-01T03:38:40.000Z",
        "offsetMinutes": -220.66666666666666,
        "flags": [
          "lmt"
        ],
        "matches": 1,
        "gapShiftMinutes": 0
      },
      "changed": true,
      "instantChanged": false
    },
    {
      "date": "1910-12-31",
      "time": "23:59",
      "zone": "America/Paramaribo",
      "source": "historical-subminute-transition",
      "site": {
        "instant": "1911-01-01T03:39:40.000Z",
        "offsetMinutes": -220.66666666666666,
        "flags": [
          "dst-fold",
          "lmt"
        ]
      },
      "sdk": {
        "instant": "1911-01-01T03:39:40.000Z",
        "offsetMinutes": -220.66666666666666,
        "flags": [
          "dst-fold",
          "lmt"
        ]
      },
      "exactModel": {
        "instant": "1911-01-01T03:39:40.000Z",
        "offsetMinutes": -220.66666666666666,
        "flags": [
          "lmt"
        ],
        "matches": 1,
        "gapShiftMinutes": 0
      },
      "changed": true,
      "instantChanged": false
    },
    {
      "date": "1911-01-01",
      "time": "00:00",
      "zone": "America/Paramaribo",
      "source": "historical-subminute-transition",
      "site": {
        "instant": "1911-01-01T03:40:52.000Z",
        "offsetMinutes": -220.86666666666667,
        "flags": [
          "lmt"
        ]
      },
      "sdk": {
        "instant": "1911-01-01T03:40:52.000Z",
        "offsetMinutes": -220.86666666666667,
        "flags": [
          "lmt"
        ]
      },
      "exactModel": {
        "instant": "1911-01-01T03:40:52.000Z",
        "offsetMinutes": -220.86666666666667,
        "flags": [
          "lmt"
        ],
        "matches": 1,
        "gapShiftMinutes": 0
      },
      "changed": false,
      "instantChanged": false
    },
    {
      "date": "1911-01-01",
      "time": "00:01",
      "zone": "America/Paramaribo",
      "source": "historical-subminute-transition",
      "site": {
        "instant": "1911-01-01T03:41:52.000Z",
        "offsetMinutes": -220.86666666666667,
        "flags": [
          "lmt"
        ]
      },
      "sdk": {
        "instant": "1911-01-01T03:41:52.000Z",
        "offsetMinutes": -220.86666666666667,
        "flags": [
          "lmt"
        ]
      },
      "exactModel": {
        "instant": "1911-01-01T03:41:52.000Z",
        "offsetMinutes": -220.86666666666667,
        "flags": [
          "lmt"
        ],
        "matches": 1,
        "gapShiftMinutes": 0
      },
      "changed": false,
      "instantChanged": false
    },
    {
      "date": "1911-01-01",
      "time": "00:02",
      "zone": "America/Paramaribo",
      "source": "historical-subminute-transition",
      "site": {
        "instant": "1911-01-01T03:42:52.000Z",
        "offsetMinutes": -220.86666666666667,
        "flags": [
          "lmt"
        ]
      },
      "sdk": {
        "instant": "1911-01-01T03:42:52.000Z",
        "offsetMinutes": -220.86666666666667,
        "flags": [
          "lmt"
        ]
      },
      "exactModel": {
        "instant": "1911-01-01T03:42:52.000Z",
        "offsetMinutes": -220.86666666666667,
        "flags": [
          "lmt"
        ],
        "matches": 1,
        "gapShiftMinutes": 0
      },
      "changed": false,
      "instantChanged": false
    },
    {
      "date": "1910-12-31",
      "time": "23:57",
      "zone": "America/Paramaribo",
      "source": "historical-subminute-transition",
      "site": {
        "instant": "1911-01-01T03:37:40.000Z",
        "offsetMinutes": -220.66666666666666,
        "flags": [
          "dst-fold",
          "lmt"
        ]
      },
      "sdk": {
        "instant": "1911-01-01T03:37:40.000Z",
        "offsetMinutes": -220.66666666666666,
        "flags": [
          "dst-fold",
          "lmt"
        ]
      },
      "exactModel": {
        "instant": "1911-01-01T03:37:40.000Z",
        "offsetMinutes": -220.66666666666666,
        "flags": [
          "lmt"
        ],
        "matches": 1,
        "gapShiftMinutes": 0
      },
      "changed": true,
      "instantChanged": false
    },
    {
      "date": "1934-12-31",
      "time": "23:58",
      "zone": "America/Paramaribo",
      "source": "historical-subminute-transition",
      "site": {
        "instant": "1935-01-01T03:38:52.000Z",
        "offsetMinutes": -220.86666666666667,
        "flags": [
          "lmt"
        ]
      },
      "sdk": {
        "instant": "1935-01-01T03:38:52.000Z",
        "offsetMinutes": -220.86666666666667,
        "flags": [
          "lmt"
        ]
      },
      "exactModel": {
        "instant": "1935-01-01T03:38:52.000Z",
        "offsetMinutes": -220.86666666666667,
        "flags": [
          "lmt"
        ],
        "matches": 1,
        "gapShiftMinutes": 0
      },
      "changed": false,
      "instantChanged": false
    },
    {
      "date": "1934-12-31",
      "time": "23:59",
      "zone": "America/Paramaribo",
      "source": "historical-subminute-transition",
      "site": {
        "instant": "1935-01-01T03:39:52.000Z",
        "offsetMinutes": -220.86666666666667,
        "flags": [
          "lmt"
        ]
      },
      "sdk": {
        "instant": "1935-01-01T03:39:52.000Z",
        "offsetMinutes": -220.86666666666667,
        "flags": [
          "lmt"
        ]
      },
      "exactModel": {
        "instant": "1935-01-01T03:39:52.000Z",
        "offsetMinutes": -220.86666666666667,
        "flags": [
          "lmt"
        ],
        "matches": 1,
        "gapShiftMinutes": 0
      },
      "changed": false,
      "instantChanged": false
    },
    {
      "date": "1935-01-01",
      "time": "00:00",
      "zone": "America/Paramaribo",
      "source": "historical-subminute-transition",
      "site": {
        "instant": "1935-01-01T03:40:52.000Z",
        "offsetMinutes": -220.6,
        "flags": [
          "lmt"
        ]
      },
      "sdk": {
        "instant": "1935-01-01T03:40:52.000Z",
        "offsetMinutes": -220.6,
        "flags": [
          "lmt"
        ]
      },
      "exactModel": {
        "instant": "1935-01-01T03:40:52.000Z",
        "offsetMinutes": -220.6,
        "flags": [
          "dst-gap",
          "lmt"
        ],
        "matches": 0,
        "gapShiftMinutes": 0.26666666666666666
      },
      "changed": true,
      "instantChanged": false
    },
    {
      "date": "1935-01-01",
      "time": "00:01",
      "zone": "America/Paramaribo",
      "source": "historical-subminute-transition",
      "site": {
        "instant": "1935-01-01T03:41:36.000Z",
        "offsetMinutes": -220.6,
        "flags": [
          "dst-fold",
          "lmt"
        ]
      },
      "sdk": {
        "instant": "1935-01-01T03:41:36.000Z",
        "offsetMinutes": -220.6,
        "flags": [
          "dst-fold",
          "lmt"
        ]
      },
      "exactModel": {
        "instant": "1935-01-01T03:41:36.000Z",
        "offsetMinutes": -220.6,
        "flags": [
          "lmt"
        ],
        "matches": 1,
        "gapShiftMinutes": 0
      },
      "changed": true,
      "instantChanged": false
    },
    {
      "date": "1935-01-01",
      "time": "00:02",
      "zone": "America/Paramaribo",
      "source": "historical-subminute-transition",
      "site": {
        "instant": "1935-01-01T03:42:36.000Z",
        "offsetMinutes": -220.6,
        "flags": [
          "dst-fold",
          "lmt"
        ]
      },
      "sdk": {
        "instant": "1935-01-01T03:42:36.000Z",
        "offsetMinutes": -220.6,
        "flags": [
          "dst-fold",
          "lmt"
        ]
      },
      "exactModel": {
        "instant": "1935-01-01T03:42:36.000Z",
        "offsetMinutes": -220.6,
        "flags": [
          "lmt"
        ],
        "matches": 1,
        "gapShiftMinutes": 0
      },
      "changed": true,
      "instantChanged": false
    },
    {
      "date": "1889-12-31",
      "time": "23:58",
      "zone": "America/Port-au-Prince",
      "source": "historical-subminute-transition",
      "site": {
        "instant": "1890-01-01T04:47:20.000Z",
        "offsetMinutes": -289.3333333333333,
        "flags": [
          "lmt"
        ]
      },
      "sdk": {
        "instant": "1890-01-01T04:47:20.000Z",
        "offsetMinutes": -289.3333333333333,
        "flags": [
          "lmt"
        ]
      },
      "exactModel": {
        "instant": "1890-01-01T04:47:20.000Z",
        "offsetMinutes": -289.3333333333333,
        "flags": [
          "lmt"
        ],
        "matches": 1,
        "gapShiftMinutes": 0
      },
      "changed": false,
      "instantChanged": false
    },
    {
      "date": "1889-12-31",
      "time": "23:59",
      "zone": "America/Port-au-Prince",
      "source": "historical-subminute-transition",
      "site": {
        "instant": "1890-01-01T04:48:20.000Z",
        "offsetMinutes": -289.3333333333333,
        "flags": [
          "lmt"
        ]
      },
      "sdk": {
        "instant": "1890-01-01T04:48:20.000Z",
        "offsetMinutes": -289.3333333333333,
        "flags": [
          "lmt"
        ]
      },
      "exactModel": {
        "instant": "1890-01-01T04:48:20.000Z",
        "offsetMinutes": -289.3333333333333,
        "flags": [
          "lmt"
        ],
        "matches": 1,
        "gapShiftMinutes": 0
      },
      "changed": false,
      "instantChanged": false
    },
    {
      "date": "1890-01-01",
      "time": "00:00",
      "zone": "America/Port-au-Prince",
      "source": "historical-subminute-transition",
      "site": {
        "instant": "1890-01-01T04:49:20.000Z",
        "offsetMinutes": -289,
        "flags": []
      },
      "sdk": {
        "instant": "1890-01-01T04:49:20.000Z",
        "offsetMinutes": -289,
        "flags": []
      },
      "exactModel": {
        "instant": "1890-01-01T04:49:20.000Z",
        "offsetMinutes": -289,
        "flags": [
          "dst-gap"
        ],
        "matches": 0,
        "gapShiftMinutes": 0.3333333333333333
      },
      "changed": true,
      "instantChanged": false
    },
    {
      "date": "1890-01-01",
      "time": "00:01",
      "zone": "America/Port-au-Prince",
      "source": "historical-subminute-transition",
      "site": {
        "instant": "1890-01-01T04:50:00.000Z",
        "offsetMinutes": -289,
        "flags": [
          "dst-fold"
        ]
      },
      "sdk": {
        "instant": "1890-01-01T04:50:00.000Z",
        "offsetMinutes": -289,
        "flags": [
          "dst-fold"
        ]
      },
      "exactModel": {
        "instant": "1890-01-01T04:50:00.000Z",
        "offsetMinutes": -289,
        "flags": [],
        "matches": 1,
        "gapShiftMinutes": 0
      },
      "changed": true,
      "instantChanged": false
    },
    {
      "date": "1890-01-01",
      "time": "00:02",
      "zone": "America/Port-au-Prince",
      "source": "historical-subminute-transition",
      "site": {
        "instant": "1890-01-01T04:51:00.000Z",
        "offsetMinutes": -289,
        "flags": [
          "dst-fold"
        ]
      },
      "sdk": {
        "instant": "1890-01-01T04:51:00.000Z",
        "offsetMinutes": -289,
        "flags": [
          "dst-fold"
        ]
      },
      "exactModel": {
        "instant": "1890-01-01T04:51:00.000Z",
        "offsetMinutes": -289,
        "flags": [],
        "matches": 1,
        "gapShiftMinutes": 0
      },
      "changed": true,
      "instantChanged": false
    },
    {
      "date": "1889-12-31",
      "time": "23:58",
      "zone": "America/Punta_Arenas",
      "source": "historical-subminute-transition",
      "site": {
        "instant": "1890-01-01T04:41:40.000Z",
        "offsetMinutes": -283.6666666666667,
        "flags": [
          "lmt"
        ]
      },
      "sdk": {
        "instant": "1890-01-01T04:41:40.000Z",
        "offsetMinutes": -283.6666666666667,
        "flags": [
          "lmt"
        ]
      },
      "exactModel": {
        "instant": "1890-01-01T04:41:40.000Z",
        "offsetMinutes": -283.6666666666667,
        "flags": [
          "lmt"
        ],
        "matches": 1,
        "gapShiftMinutes": 0
      },
      "changed": false,
      "instantChanged": false
    },
    {
      "date": "1889-12-31",
      "time": "23:59",
      "zone": "America/Punta_Arenas",
      "source": "historical-subminute-transition",
      "site": {
        "instant": "1890-01-01T04:42:40.000Z",
        "offsetMinutes": -283.6666666666667,
        "flags": [
          "lmt"
        ]
      },
      "sdk": {
        "instant": "1890-01-01T04:42:40.000Z",
        "offsetMinutes": -283.6666666666667,
        "flags": [
          "lmt"
        ]
      },
      "exactModel": {
        "instant": "1890-01-01T04:42:40.000Z",
        "offsetMinutes": -283.6666666666667,
        "flags": [
          "lmt"
        ],
        "matches": 1,
        "gapShiftMinutes": 0
      },
      "changed": false,
      "instantChanged": false
    },
    {
      "date": "1890-01-01",
      "time": "00:00",
      "zone": "America/Punta_Arenas",
      "source": "historical-subminute-transition",
      "site": {
        "instant": "1890-01-01T04:43:40.000Z",
        "offsetMinutes": -282.75,
        "flags": [
          "lmt"
        ]
      },
      "sdk": {
        "instant": "1890-01-01T04:43:40.000Z",
        "offsetMinutes": -282.75,
        "flags": [
          "lmt"
        ]
      },
      "exactModel": {
        "instant": "1890-01-01T04:43:40.000Z",
        "offsetMinutes": -282.75,
        "flags": [
          "dst-gap",
          "lmt"
        ],
        "matches": 0,
        "gapShiftMinutes": 0.9166666666666666
      },
      "changed": true,
      "instantChanged": false
    },
    {
      "date": "1890-01-01",
      "time": "00:01",
      "zone": "America/Punta_Arenas",
      "source": "historical-subminute-transition",
      "site": {
        "instant": "1890-01-01T04:43:45.000Z",
        "offsetMinutes": -282.75,
        "flags": [
          "dst-fold",
          "lmt"
        ]
      },
      "sdk": {
        "instant": "1890-01-01T04:43:45.000Z",
        "offsetMinutes": -282.75,
        "flags": [
          "dst-fold",
          "lmt"
        ]
      },
      "exactModel": {
        "instant": "1890-01-01T04:43:45.000Z",
        "offsetMinutes": -282.75,
        "flags": [
          "lmt"
        ],
        "matches": 1,
        "gapShiftMinutes": 0
      },
      "changed": true,
      "instantChanged": false
    },
    {
      "date": "1890-01-01",
      "time": "00:02",
      "zone": "America/Punta_Arenas",
      "source": "historical-subminute-transition",
      "site": {
        "instant": "1890-01-01T04:44:45.000Z",
        "offsetMinutes": -282.75,
        "flags": [
          "dst-fold",
          "lmt"
        ]
      },
      "sdk": {
        "instant": "1890-01-01T04:44:45.000Z",
        "offsetMinutes": -282.75,
        "flags": [
          "dst-fold",
          "lmt"
        ]
      },
      "exactModel": {
        "instant": "1890-01-01T04:44:45.000Z",
        "offsetMinutes": -282.75,
        "flags": [
          "lmt"
        ],
        "matches": 1,
        "gapShiftMinutes": 0
      },
      "changed": true,
      "instantChanged": false
    },
    {
      "date": "1889-12-31",
      "time": "23:58",
      "zone": "America/Santo_Domingo",
      "source": "historical-subminute-transition",
      "site": {
        "instant": "1890-01-01T04:37:36.000Z",
        "offsetMinutes": -279.6,
        "flags": [
          "dst-fold",
          "lmt"
        ]
      },
      "sdk": {
        "instant": "1890-01-01T04:37:36.000Z",
        "offsetMinutes": -279.6,
        "flags": [
          "dst-fold",
          "lmt"
        ]
      },
      "exactModel": {
        "instant": "1890-01-01T04:37:36.000Z",
        "offsetMinutes": -279.6,
        "flags": [
          "lmt"
        ],
        "matches": 1,
        "gapShiftMinutes": 0
      },
      "changed": true,
      "instantChanged": false
    },
    {
      "date": "1889-12-31",
      "time": "23:59",
      "zone": "America/Santo_Domingo",
      "source": "historical-subminute-transition",
      "site": {
        "instant": "1890-01-01T04:38:36.000Z",
        "offsetMinutes": -279.6,
        "flags": [
          "dst-fold",
          "lmt"
        ]
      },
      "sdk": {
        "instant": "1890-01-01T04:38:36.000Z",
        "offsetMinutes": -279.6,
        "flags": [
          "dst-fold",
          "lmt"
        ]
      },
      "exactModel": {
        "instant": "1890-01-01T04:38:36.000Z",
        "offsetMinutes": -279.6,
        "flags": [
          "lmt"
        ],
        "matches": 1,
        "gapShiftMinutes": 0
      },
      "changed": true,
      "instantChanged": false
    },
    {
      "date": "1890-01-01",
      "time": "00:00",
      "zone": "America/Santo_Domingo",
      "source": "historical-subminute-transition",
      "site": {
        "instant": "1890-01-01T04:40:00.000Z",
        "offsetMinutes": -280,
        "flags": []
      },
      "sdk": {
        "instant": "1890-01-01T04:40:00.000Z",
        "offsetMinutes": -280,
        "flags": []
      },
      "exactModel": {
        "instant": "1890-01-01T04:40:00.000Z",
        "offsetMinutes": -280,
        "flags": [],
        "matches": 1,
        "gapShiftMinutes": 0
      },
      "changed": false,
      "instantChanged": false
    },
    {
      "date": "1890-01-01",
      "time": "00:01",
      "zone": "America/Santo_Domingo",
      "source": "historical-subminute-transition",
      "site": {
        "instant": "1890-01-01T04:41:00.000Z",
        "offsetMinutes": -280,
        "flags": []
      },
      "sdk": {
        "instant": "1890-01-01T04:41:00.000Z",
        "offsetMinutes": -280,
        "flags": []
      },
      "exactModel": {
        "instant": "1890-01-01T04:41:00.000Z",
        "offsetMinutes": -280,
        "flags": [],
        "matches": 1,
        "gapShiftMinutes": 0
      },
      "changed": false,
      "instantChanged": false
    },
    {
      "date": "1890-01-01",
      "time": "00:02",
      "zone": "America/Santo_Domingo",
      "source": "historical-subminute-transition",
      "site": {
        "instant": "1890-01-01T04:42:00.000Z",
        "offsetMinutes": -280,
        "flags": []
      },
      "sdk": {
        "instant": "1890-01-01T04:42:00.000Z",
        "offsetMinutes": -280,
        "flags": []
      },
      "exactModel": {
        "instant": "1890-01-01T04:42:00.000Z",
        "offsetMinutes": -280,
        "flags": [],
        "matches": 1,
        "gapShiftMinutes": 0
      },
      "changed": false,
      "instantChanged": false
    },
    {
      "date": "1889-12-31",
      "time": "23:57",
      "zone": "America/Santo_Domingo",
      "source": "historical-subminute-transition",
      "site": {
        "instant": "1890-01-01T04:36:36.000Z",
        "offsetMinutes": -279.6,
        "flags": [
          "dst-fold",
          "lmt"
        ]
      },
      "sdk": {
        "instant": "1890-01-01T04:36:36.000Z",
        "offsetMinutes": -279.6,
        "flags": [
          "dst-fold",
          "lmt"
        ]
      },
      "exactModel": {
        "instant": "1890-01-01T04:36:36.000Z",
        "offsetMinutes": -279.6,
        "flags": [
          "lmt"
        ],
        "matches": 1,
        "gapShiftMinutes": 0
      },
      "changed": true,
      "instantChanged": false
    },
    {
      "date": "1883-11-18",
      "time": "11:58",
      "zone": "America/Shiprock",
      "source": "historical-subminute-transition",
      "site": {
        "instant": "1883-11-18T18:57:56.000Z",
        "offsetMinutes": -419.93333333333334,
        "flags": [
          "dst-fold",
          "lmt"
        ]
      },
      "sdk": {
        "instant": "1883-11-18T18:57:56.000Z",
        "offsetMinutes": -419.93333333333334,
        "flags": [
          "dst-fold",
          "lmt"
        ]
      },
      "exactModel": {
        "instant": "1883-11-18T18:57:56.000Z",
        "offsetMinutes": -419.93333333333334,
        "flags": [
          "lmt"
        ],
        "matches": 1,
        "gapShiftMinutes": 0
      },
      "changed": true,
      "instantChanged": false
    },
    {
      "date": "1883-11-18",
      "time": "11:59",
      "zone": "America/Shiprock",
      "source": "historical-subminute-transition",
      "site": {
        "instant": "1883-11-18T18:58:56.000Z",
        "offsetMinutes": -419.93333333333334,
        "flags": [
          "dst-fold",
          "lmt"
        ]
      },
      "sdk": {
        "instant": "1883-11-18T18:58:56.000Z",
        "offsetMinutes": -419.93333333333334,
        "flags": [
          "dst-fold",
          "lmt"
        ]
      },
      "exactModel": {
        "instant": "1883-11-18T18:58:56.000Z",
        "offsetMinutes": -419.93333333333334,
        "flags": [
          "lmt"
        ],
        "matches": 1,
        "gapShiftMinutes": 0
      },
      "changed": true,
      "instantChanged": false
    },
    {
      "date": "1883-11-18",
      "time": "12:00",
      "zone": "America/Shiprock",
      "source": "historical-subminute-transition",
      "site": {
        "instant": "1883-11-18T18:59:56.000Z",
        "offsetMinutes": -419.93333333333334,
        "flags": [
          "dst-fold",
          "lmt"
        ]
      },
      "sdk": {
        "instant": "1883-11-18T18:59:56.000Z",
        "offsetMinutes": -419.93333333333334,
        "flags": [
          "dst-fold",
          "lmt"
        ]
      },
      "exactModel": {
        "instant": "1883-11-18T18:59:56.000Z",
        "offsetMinutes": -419.93333333333334,
        "flags": [
          "dst-fold",
          "lmt"
        ],
        "matches": 2,
        "gapShiftMinutes": 0
      },
      "changed": false,
      "instantChanged": false
    },
    {
      "date": "1883-11-18",
      "time": "12:01",
      "zone": "America/Shiprock",
      "source": "historical-subminute-transition",
      "site": {
        "instant": "1883-11-18T19:01:00.000Z",
        "offsetMinutes": -420,
        "flags": []
      },
      "sdk": {
        "instant": "1883-11-18T19:01:00.000Z",
        "offsetMinutes": -420,
        "flags": []
      },
      "exactModel": {
        "instant": "1883-11-18T19:01:00.000Z",
        "offsetMinutes": -420,
        "flags": [],
        "matches": 1,
        "gapShiftMinutes": 0
      },
      "changed": false,
      "instantChanged": false
    },
    {
      "date": "1883-11-18",
      "time": "12:02",
      "zone": "America/Shiprock",
      "source": "historical-subminute-transition",
      "site": {
        "instant": "1883-11-18T19:02:00.000Z",
        "offsetMinutes": -420,
        "flags": []
      },
      "sdk": {
        "instant": "1883-11-18T19:02:00.000Z",
        "offsetMinutes": -420,
        "flags": []
      },
      "exactModel": {
        "instant": "1883-11-18T19:02:00.000Z",
        "offsetMinutes": -420,
        "flags": [],
        "matches": 1,
        "gapShiftMinutes": 0
      },
      "changed": false,
      "instantChanged": false
    },
    {
      "date": "1935-03-29",
      "time": "23:58",
      "zone": "America/St_Johns",
      "source": "historical-subminute-transition",
      "site": {
        "instant": "1935-03-30T03:28:52.000Z",
        "offsetMinutes": -210.86666666666667,
        "flags": [
          "lmt"
        ]
      },
      "sdk": {
        "instant": "1935-03-30T03:28:52.000Z",
        "offsetMinutes": -210.86666666666667,
        "flags": [
          "lmt"
        ]
      },
      "exactModel": {
        "instant": "1935-03-30T03:28:52.000Z",
        "offsetMinutes": -210.86666666666667,
        "flags": [
          "lmt"
        ],
        "matches": 1,
        "gapShiftMinutes": 0
      },
      "changed": false,
      "instantChanged": false
    },
    {
      "date": "1935-03-29",
      "time": "23:59",
      "zone": "America/St_Johns",
      "source": "historical-subminute-transition",
      "site": {
        "instant": "1935-03-30T03:29:52.000Z",
        "offsetMinutes": -210.86666666666667,
        "flags": [
          "lmt"
        ]
      },
      "sdk": {
        "instant": "1935-03-30T03:29:52.000Z",
        "offsetMinutes": -210.86666666666667,
        "flags": [
          "lmt"
        ]
      },
      "exactModel": {
        "instant": "1935-03-30T03:29:52.000Z",
        "offsetMinutes": -210.86666666666667,
        "flags": [
          "lmt"
        ],
        "matches": 1,
        "gapShiftMinutes": 0
      },
      "changed": false,
      "instantChanged": false
    },
    {
      "date": "1935-03-30",
      "time": "00:00",
      "zone": "America/St_Johns",
      "source": "historical-subminute-transition",
      "site": {
        "instant": "1935-03-30T03:30:52.000Z",
        "offsetMinutes": -210,
        "flags": []
      },
      "sdk": {
        "instant": "1935-03-30T03:30:52.000Z",
        "offsetMinutes": -210,
        "flags": []
      },
      "exactModel": {
        "instant": "1935-03-30T03:30:52.000Z",
        "offsetMinutes": -210,
        "flags": [
          "dst-gap"
        ],
        "matches": 0,
        "gapShiftMinutes": 0.8666666666666667
      },
      "changed": true,
      "instantChanged": false
    },
    {
      "date": "1935-03-30",
      "time": "00:01",
      "zone": "America/St_Johns",
      "source": "historical-subminute-transition",
      "site": {
        "instant": "1935-03-30T03:31:00.000Z",
        "offsetMinutes": -210,
        "flags": [
          "dst-fold"
        ]
      },
      "sdk": {
        "instant": "1935-03-30T03:31:00.000Z",
        "offsetMinutes": -210,
        "flags": [
          "dst-fold"
        ]
      },
      "exactModel": {
        "instant": "1935-03-30T03:31:00.000Z",
        "offsetMinutes": -210,
        "flags": [],
        "matches": 1,
        "gapShiftMinutes": 0
      },
      "changed": true,
      "instantChanged": false
    },
    {
      "date": "1935-03-30",
      "time": "00:02",
      "zone": "America/St_Johns",
      "source": "historical-subminute-transition",
      "site": {
        "instant": "1935-03-30T03:32:00.000Z",
        "offsetMinutes": -210,
        "flags": [
          "dst-fold"
        ]
      },
      "sdk": {
        "instant": "1935-03-30T03:32:00.000Z",
        "offsetMinutes": -210,
        "flags": [
          "dst-fold"
        ]
      },
      "exactModel": {
        "instant": "1935-03-30T03:32:00.000Z",
        "offsetMinutes": -210,
        "flags": [],
        "matches": 1,
        "gapShiftMinutes": 0
      },
      "changed": true,
      "instantChanged": false
    },
    {
      "date": "1900-08-19",
      "time": "23:58",
      "zone": "America/Whitehorse",
      "source": "historical-subminute-transition",
      "site": {
        "instant": "1900-08-20T08:58:12.000Z",
        "offsetMinutes": -540.2,
        "flags": [
          "lmt"
        ]
      },
      "sdk": {
        "instant": "1900-08-20T08:58:12.000Z",
        "offsetMinutes": -540.2,
        "flags": [
          "lmt"
        ]
      },
      "exactModel": {
        "instant": "1900-08-20T08:58:12.000Z",
        "offsetMinutes": -540.2,
        "flags": [
          "lmt"
        ],
        "matches": 1,
        "gapShiftMinutes": 0
      },
      "changed": false,
      "instantChanged": false
    },
    {
      "date": "1900-08-19",
      "time": "23:59",
      "zone": "America/Whitehorse",
      "source": "historical-subminute-transition",
      "site": {
        "instant": "1900-08-20T08:59:12.000Z",
        "offsetMinutes": -540.2,
        "flags": [
          "lmt"
        ]
      },
      "sdk": {
        "instant": "1900-08-20T08:59:12.000Z",
        "offsetMinutes": -540.2,
        "flags": [
          "lmt"
        ]
      },
      "exactModel": {
        "instant": "1900-08-20T08:59:12.000Z",
        "offsetMinutes": -540.2,
        "flags": [
          "lmt"
        ],
        "matches": 1,
        "gapShiftMinutes": 0
      },
      "changed": false,
      "instantChanged": false
    },
    {
      "date": "1900-08-20",
      "time": "00:00",
      "zone": "America/Whitehorse",
      "source": "historical-subminute-transition",
      "site": {
        "instant": "1900-08-20T09:00:12.000Z",
        "offsetMinutes": -540,
        "flags": []
      },
      "sdk": {
        "instant": "1900-08-20T09:00:12.000Z",
        "offsetMinutes": -540,
        "flags": []
      },
      "exactModel": {
        "instant": "1900-08-20T09:00:12.000Z",
        "offsetMinutes": -540,
        "flags": [
          "dst-gap"
        ],
        "matches": 0,
        "gapShiftMinutes": 0.2
      },
      "changed": true,
      "instantChanged": false
    },
    {
      "date": "1900-08-20",
      "time": "00:01",
      "zone": "America/Whitehorse",
      "source": "historical-subminute-transition",
      "site": {
        "instant": "1900-08-20T09:01:00.000Z",
        "offsetMinutes": -540,
        "flags": [
          "dst-fold"
        ]
      },
      "sdk": {
        "instant": "1900-08-20T09:01:00.000Z",
        "offsetMinutes": -540,
        "flags": [
          "dst-fold"
        ]
      },
      "exactModel": {
        "instant": "1900-08-20T09:01:00.000Z",
        "offsetMinutes": -540,
        "flags": [],
        "matches": 1,
        "gapShiftMinutes": 0
      },
      "changed": true,
      "instantChanged": false
    },
    {
      "date": "1900-08-20",
      "time": "00:02",
      "zone": "America/Whitehorse",
      "source": "historical-subminute-transition",
      "site": {
        "instant": "1900-08-20T09:02:00.000Z",
        "offsetMinutes": -540,
        "flags": [
          "dst-fold"
        ]
      },
      "sdk": {
        "instant": "1900-08-20T09:02:00.000Z",
        "offsetMinutes": -540,
        "flags": [
          "dst-fold"
        ]
      },
      "exactModel": {
        "instant": "1900-08-20T09:02:00.000Z",
        "offsetMinutes": -540,
        "flags": [],
        "matches": 1,
        "gapShiftMinutes": 0
      },
      "changed": true,
      "instantChanged": false
    },
    {
      "date": "1879-12-31",
      "time": "23:58",
      "zone": "Antarctica/DumontDUrville",
      "source": "historical-subminute-transition",
      "site": {
        "instant": "1879-12-31T14:09:20.000Z",
        "offsetMinutes": 588.6666666666666,
        "flags": [
          "dst-fold",
          "lmt"
        ]
      },
      "sdk": {
        "instant": "1879-12-31T14:09:20.000Z",
        "offsetMinutes": 588.6666666666666,
        "flags": [
          "dst-fold",
          "lmt"
        ]
      },
      "exactModel": {
        "instant": "1879-12-31T14:09:20.000Z",
        "offsetMinutes": 588.6666666666666,
        "flags": [
          "lmt"
        ],
        "matches": 1,
        "gapShiftMinutes": 0
      },
      "changed": true,
      "instantChanged": false
    },
    {
      "date": "1879-12-31",
      "time": "23:59",
      "zone": "Antarctica/DumontDUrville",
      "source": "historical-subminute-transition",
      "site": {
        "instant": "1879-12-31T14:10:20.000Z",
        "offsetMinutes": 588.6666666666666,
        "flags": [
          "dst-fold",
          "lmt"
        ]
      },
      "sdk": {
        "instant": "1879-12-31T14:10:20.000Z",
        "offsetMinutes": 588.6666666666666,
        "flags": [
          "dst-fold",
          "lmt"
        ]
      },
      "exactModel": {
        "instant": "1879-12-31T14:10:20.000Z",
        "offsetMinutes": 588.6666666666666,
        "flags": [
          "lmt"
        ],
        "matches": 1,
        "gapShiftMinutes": 0
      },
      "changed": true,
      "instantChanged": false
    },
    {
      "date": "1880-01-01",
      "time": "00:00",
      "zone": "Antarctica/DumontDUrville",
      "source": "historical-subminute-transition",
      "site": {
        "instant": "1879-12-31T14:11:28.000Z",
        "offsetMinutes": 588.5333333333333,
        "flags": [
          "lmt"
        ]
      },
      "sdk": {
        "instant": "1879-12-31T14:11:28.000Z",
        "offsetMinutes": 588.5333333333333,
        "flags": [
          "lmt"
        ]
      },
      "exactModel": {
        "instant": "1879-12-31T14:11:28.000Z",
        "offsetMinutes": 588.5333333333333,
        "flags": [
          "lmt"
        ],
        "matches": 1,
        "gapShiftMinutes": 0
      },
      "changed": false,
      "instantChanged": false
    },
    {
      "date": "1880-01-01",
      "time": "00:01",
      "zone": "Antarctica/DumontDUrville",
      "source": "historical-subminute-transition",
      "site": {
        "instant": "1879-12-31T14:12:28.000Z",
        "offsetMinutes": 588.5333333333333,
        "flags": [
          "lmt"
        ]
      },
      "sdk": {
        "instant": "1879-12-31T14:12:28.000Z",
        "offsetMinutes": 588.5333333333333,
        "flags": [
          "lmt"
        ]
      },
      "exactModel": {
        "instant": "1879-12-31T14:12:28.000Z",
        "offsetMinutes": 588.5333333333333,
        "flags": [
          "lmt"
        ],
        "matches": 1,
        "gapShiftMinutes": 0
      },
      "changed": false,
      "instantChanged": false
    },
    {
      "date": "1880-01-01",
      "time": "00:02",
      "zone": "Antarctica/DumontDUrville",
      "source": "historical-subminute-transition",
      "site": {
        "instant": "1879-12-31T14:13:28.000Z",
        "offsetMinutes": 588.5333333333333,
        "flags": [
          "lmt"
        ]
      },
      "sdk": {
        "instant": "1879-12-31T14:13:28.000Z",
        "offsetMinutes": 588.5333333333333,
        "flags": [
          "lmt"
        ]
      },
      "exactModel": {
        "instant": "1879-12-31T14:13:28.000Z",
        "offsetMinutes": 588.5333333333333,
        "flags": [
          "lmt"
        ],
        "matches": 1,
        "gapShiftMinutes": 0
      },
      "changed": false,
      "instantChanged": false
    },
    {
      "date": "1879-12-31",
      "time": "23:57",
      "zone": "Antarctica/DumontDUrville",
      "source": "historical-subminute-transition",
      "site": {
        "instant": "1879-12-31T14:08:20.000Z",
        "offsetMinutes": 588.6666666666666,
        "flags": [
          "dst-fold",
          "lmt"
        ]
      },
      "sdk": {
        "instant": "1879-12-31T14:08:20.000Z",
        "offsetMinutes": 588.6666666666666,
        "flags": [
          "dst-fold",
          "lmt"
        ]
      },
      "exactModel": {
        "instant": "1879-12-31T14:08:20.000Z",
        "offsetMinutes": 588.6666666666666,
        "flags": [
          "lmt"
        ],
        "matches": 1,
        "gapShiftMinutes": 0
      },
      "changed": true,
      "instantChanged": false
    },
    {
      "date": "1889-12-31",
      "time": "23:58",
      "zone": "Asia/Baghdad",
      "source": "historical-subminute-transition",
      "site": {
        "instant": "1889-12-31T21:00:20.000Z",
        "offsetMinutes": 177.66666666666666,
        "flags": [
          "dst-fold",
          "lmt"
        ]
      },
      "sdk": {
        "instant": "1889-12-31T21:00:20.000Z",
        "offsetMinutes": 177.66666666666666,
        "flags": [
          "dst-fold",
          "lmt"
        ]
      },
      "exactModel": {
        "instant": "1889-12-31T21:00:20.000Z",
        "offsetMinutes": 177.66666666666666,
        "flags": [
          "lmt"
        ],
        "matches": 1,
        "gapShiftMinutes": 0
      },
      "changed": true,
      "instantChanged": false
    },
    {
      "date": "1889-12-31",
      "time": "23:59",
      "zone": "Asia/Baghdad",
      "source": "historical-subminute-transition",
      "site": {
        "instant": "1889-12-31T21:01:20.000Z",
        "offsetMinutes": 177.66666666666666,
        "flags": [
          "dst-fold",
          "lmt"
        ]
      },
      "sdk": {
        "instant": "1889-12-31T21:01:20.000Z",
        "offsetMinutes": 177.66666666666666,
        "flags": [
          "dst-fold",
          "lmt"
        ]
      },
      "exactModel": {
        "instant": "1889-12-31T21:01:20.000Z",
        "offsetMinutes": 177.66666666666666,
        "flags": [
          "lmt"
        ],
        "matches": 1,
        "gapShiftMinutes": 0
      },
      "changed": true,
      "instantChanged": false
    },
    {
      "date": "1890-01-01",
      "time": "00:00",
      "zone": "Asia/Baghdad",
      "source": "historical-subminute-transition",
      "site": {
        "instant": "1889-12-31T21:02:24.000Z",
        "offsetMinutes": 177.6,
        "flags": [
          "lmt"
        ]
      },
      "sdk": {
        "instant": "1889-12-31T21:02:24.000Z",
        "offsetMinutes": 177.6,
        "flags": [
          "lmt"
        ]
      },
      "exactModel": {
        "instant": "1889-12-31T21:02:24.000Z",
        "offsetMinutes": 177.6,
        "flags": [
          "lmt"
        ],
        "matches": 1,
        "gapShiftMinutes": 0
      },
      "changed": false,
      "instantChanged": false
    },
    {
      "date": "1890-01-01",
      "time": "00:01",
      "zone": "Asia/Baghdad",
      "source": "historical-subminute-transition",
      "site": {
        "instant": "1889-12-31T21:03:24.000Z",
        "offsetMinutes": 177.6,
        "flags": [
          "lmt"
        ]
      },
      "sdk": {
        "instant": "1889-12-31T21:03:24.000Z",
        "offsetMinutes": 177.6,
        "flags": [
          "lmt"
        ]
      },
      "exactModel": {
        "instant": "1889-12-31T21:03:24.000Z",
        "offsetMinutes": 177.6,
        "flags": [
          "lmt"
        ],
        "matches": 1,
        "gapShiftMinutes": 0
      },
      "changed": false,
      "instantChanged": false
    },
    {
      "date": "1890-01-01",
      "time": "00:02",
      "zone": "Asia/Baghdad",
      "source": "historical-subminute-transition",
      "site": {
        "instant": "1889-12-31T21:04:24.000Z",
        "offsetMinutes": 177.6,
        "flags": [
          "lmt"
        ]
      },
      "sdk": {
        "instant": "1889-12-31T21:04:24.000Z",
        "offsetMinutes": 177.6,
        "flags": [
          "lmt"
        ]
      },
      "exactModel": {
        "instant": "1889-12-31T21:04:24.000Z",
        "offsetMinutes": 177.6,
        "flags": [
          "lmt"
        ],
        "matches": 1,
        "gapShiftMinutes": 0
      },
      "changed": false,
      "instantChanged": false
    },
    {
      "date": "1889-12-31",
      "time": "23:57",
      "zone": "Asia/Baghdad",
      "source": "historical-subminute-transition",
      "site": {
        "instant": "1889-12-31T20:59:20.000Z",
        "offsetMinutes": 177.66666666666666,
        "flags": [
          "dst-fold",
          "lmt"
        ]
      },
      "sdk": {
        "instant": "1889-12-31T20:59:20.000Z",
        "offsetMinutes": 177.66666666666666,
        "flags": [
          "dst-fold",
          "lmt"
        ]
      },
      "exactModel": {
        "instant": "1889-12-31T20:59:20.000Z",
        "offsetMinutes": 177.66666666666666,
        "flags": [
          "lmt"
        ],
        "matches": 1,
        "gapShiftMinutes": 0
      },
      "changed": true,
      "instantChanged": false
    },
    {
      "date": "1854-06-27",
      "time": "23:58",
      "zone": "Asia/Calcutta",
      "source": "historical-subminute-transition",
      "site": {
        "instant": "1854-06-27T18:04:32.000Z",
        "offsetMinutes": 353.46666666666664,
        "flags": [
          "dst-fold",
          "lmt"
        ]
      },
      "sdk": {
        "instant": "1854-06-27T18:04:32.000Z",
        "offsetMinutes": 353.46666666666664,
        "flags": [
          "dst-fold",
          "lmt"
        ]
      },
      "exactModel": {
        "instant": "1854-06-27T18:04:32.000Z",
        "offsetMinutes": 353.46666666666664,
        "flags": [
          "lmt"
        ],
        "matches": 1,
        "gapShiftMinutes": 0
      },
      "changed": true,
      "instantChanged": false
    },
    {
      "date": "1854-06-27",
      "time": "23:59",
      "zone": "Asia/Calcutta",
      "source": "historical-subminute-transition",
      "site": {
        "instant": "1854-06-27T18:05:32.000Z",
        "offsetMinutes": 353.46666666666664,
        "flags": [
          "dst-fold",
          "lmt"
        ]
      },
      "sdk": {
        "instant": "1854-06-27T18:05:32.000Z",
        "offsetMinutes": 353.46666666666664,
        "flags": [
          "dst-fold",
          "lmt"
        ]
      },
      "exactModel": {
        "instant": "1854-06-27T18:05:32.000Z",
        "offsetMinutes": 353.46666666666664,
        "flags": [
          "lmt"
        ],
        "matches": 1,
        "gapShiftMinutes": 0
      },
      "changed": true,
      "instantChanged": false
    },
    {
      "date": "1854-06-28",
      "time": "00:00",
      "zone": "Asia/Calcutta",
      "source": "historical-subminute-transition",
      "site": {
        "instant": "1854-06-27T18:06:40.000Z",
        "offsetMinutes": 353.3333333333333,
        "flags": [
          "lmt"
        ]
      },
      "sdk": {
        "instant": "1854-06-27T18:06:40.000Z",
        "offsetMinutes": 353.3333333333333,
        "flags": [
          "lmt"
        ]
      },
      "exactModel": {
        "instant": "1854-06-27T18:06:40.000Z",
        "offsetMinutes": 353.3333333333333,
        "flags": [
          "lmt"
        ],
        "matches": 1,
        "gapShiftMinutes": 0
      },
      "changed": false,
      "instantChanged": false
    },
    {
      "date": "1854-06-28",
      "time": "00:01",
      "zone": "Asia/Calcutta",
      "source": "historical-subminute-transition",
      "site": {
        "instant": "1854-06-27T18:07:40.000Z",
        "offsetMinutes": 353.3333333333333,
        "flags": [
          "lmt"
        ]
      },
      "sdk": {
        "instant": "1854-06-27T18:07:40.000Z",
        "offsetMinutes": 353.3333333333333,
        "flags": [
          "lmt"
        ]
      },
      "exactModel": {
        "instant": "1854-06-27T18:07:40.000Z",
        "offsetMinutes": 353.3333333333333,
        "flags": [
          "lmt"
        ],
        "matches": 1,
        "gapShiftMinutes": 0
      },
      "changed": false,
      "instantChanged": false
    },
    {
      "date": "1854-06-28",
      "time": "00:02",
      "zone": "Asia/Calcutta",
      "source": "historical-subminute-transition",
      "site": {
        "instant": "1854-06-27T18:08:40.000Z",
        "offsetMinutes": 353.3333333333333,
        "flags": [
          "lmt"
        ]
      },
      "sdk": {
        "instant": "1854-06-27T18:08:40.000Z",
        "offsetMinutes": 353.3333333333333,
        "flags": [
          "lmt"
        ]
      },
      "exactModel": {
        "instant": "1854-06-27T18:08:40.000Z",
        "offsetMinutes": 353.3333333333333,
        "flags": [
          "lmt"
        ],
        "matches": 1,
        "gapShiftMinutes": 0
      },
      "changed": false,
      "instantChanged": false
    },
    {
      "date": "1854-06-27",
      "time": "23:57",
      "zone": "Asia/Calcutta",
      "source": "historical-subminute-transition",
      "site": {
        "instant": "1854-06-27T18:03:32.000Z",
        "offsetMinutes": 353.46666666666664,
        "flags": [
          "dst-fold",
          "lmt"
        ]
      },
      "sdk": {
        "instant": "1854-06-27T18:03:32.000Z",
        "offsetMinutes": 353.46666666666664,
        "flags": [
          "dst-fold",
          "lmt"
        ]
      },
      "exactModel": {
        "instant": "1854-06-27T18:03:32.000Z",
        "offsetMinutes": 353.46666666666664,
        "flags": [
          "lmt"
        ],
        "matches": 1,
        "gapShiftMinutes": 0
      },
      "changed": true,
      "instantChanged": false
    },
    {
      "date": "1879-12-31",
      "time": "23:58",
      "zone": "Asia/Colombo",
      "source": "historical-subminute-transition",
      "site": {
        "instant": "1879-12-31T18:38:36.000Z",
        "offsetMinutes": 319.4,
        "flags": [
          "lmt"
        ]
      },
      "sdk": {
        "instant": "1879-12-31T18:38:36.000Z",
        "offsetMinutes": 319.4,
        "flags": [
          "lmt"
        ]
      },
      "exactModel": {
        "instant": "1879-12-31T18:38:36.000Z",
        "offsetMinutes": 319.4,
        "flags": [
          "lmt"
        ],
        "matches": 1,
        "gapShiftMinutes": 0
      },
      "changed": false,
      "instantChanged": false
    },
    {
      "date": "1879-12-31",
      "time": "23:59",
      "zone": "Asia/Colombo",
      "source": "historical-subminute-transition",
      "site": {
        "instant": "1879-12-31T18:39:36.000Z",
        "offsetMinutes": 319.4,
        "flags": [
          "lmt"
        ]
      },
      "sdk": {
        "instant": "1879-12-31T18:39:36.000Z",
        "offsetMinutes": 319.4,
        "flags": [
          "lmt"
        ]
      },
      "exactModel": {
        "instant": "1879-12-31T18:39:36.000Z",
        "offsetMinutes": 319.4,
        "flags": [
          "lmt"
        ],
        "matches": 1,
        "gapShiftMinutes": 0
      },
      "changed": false,
      "instantChanged": false
    },
    {
      "date": "1880-01-01",
      "time": "00:00",
      "zone": "Asia/Colombo",
      "source": "historical-subminute-transition",
      "site": {
        "instant": "1879-12-31T18:40:36.000Z",
        "offsetMinutes": 319.53333333333336,
        "flags": [
          "lmt"
        ]
      },
      "sdk": {
        "instant": "1879-12-31T18:40:36.000Z",
        "offsetMinutes": 319.53333333333336,
        "flags": [
          "lmt"
        ]
      },
      "exactModel": {
        "instant": "1879-12-31T18:40:36.000Z",
        "offsetMinutes": 319.53333333333336,
        "flags": [
          "dst-gap",
          "lmt"
        ],
        "matches": 0,
        "gapShiftMinutes": 0.13333333333333333
      },
      "changed": true,
      "instantChanged": false
    },
    {
      "date": "1880-01-01",
      "time": "00:01",
      "zone": "Asia/Colombo",
      "source": "historical-subminute-transition",
      "site": {
        "instant": "1879-12-31T18:41:28.000Z",
        "offsetMinutes": 319.53333333333336,
        "flags": [
          "dst-fold",
          "lmt"
        ]
      },
      "sdk": {
        "instant": "1879-12-31T18:41:28.000Z",
        "offsetMinutes": 319.53333333333336,
        "flags": [
          "dst-fold",
          "lmt"
        ]
      },
      "exactModel": {
        "instant": "1879-12-31T18:41:28.000Z",
        "offsetMinutes": 319.53333333333336,
        "flags": [
          "lmt"
        ],
        "matches": 1,
        "gapShiftMinutes": 0
      },
      "changed": true,
      "instantChanged": false
    },
    {
      "date": "1880-01-01",
      "time": "00:02",
      "zone": "Asia/Colombo",
      "source": "historical-subminute-transition",
      "site": {
        "instant": "1879-12-31T18:42:28.000Z",
        "offsetMinutes": 319.53333333333336,
        "flags": [
          "dst-fold",
          "lmt"
        ]
      },
      "sdk": {
        "instant": "1879-12-31T18:42:28.000Z",
        "offsetMinutes": 319.53333333333336,
        "flags": [
          "dst-fold",
          "lmt"
        ]
      },
      "exactModel": {
        "instant": "1879-12-31T18:42:28.000Z",
        "offsetMinutes": 319.53333333333336,
        "flags": [
          "lmt"
        ],
        "matches": 1,
        "gapShiftMinutes": 0
      },
      "changed": true,
      "instantChanged": false
    },
    {
      "date": "1879-12-31",
      "time": "23:58",
      "zone": "Asia/Jerusalem",
      "source": "historical-subminute-transition",
      "site": {
        "instant": "1879-12-31T21:37:06.000Z",
        "offsetMinutes": 140.9,
        "flags": [
          "dst-fold",
          "lmt"
        ]
      },
      "sdk": {
        "instant": "1879-12-31T21:37:06.000Z",
        "offsetMinutes": 140.9,
        "flags": [
          "dst-fold",
          "lmt"
        ]
      },
      "exactModel": {
        "instant": "1879-12-31T21:37:06.000Z",
        "offsetMinutes": 140.9,
        "flags": [
          "lmt"
        ],
        "matches": 1,
        "gapShiftMinutes": 0
      },
      "changed": true,
      "instantChanged": false
    },
    {
      "date": "1879-12-31",
      "time": "23:59",
      "zone": "Asia/Jerusalem",
      "source": "historical-subminute-transition",
      "site": {
        "instant": "1879-12-31T21:38:06.000Z",
        "offsetMinutes": 140.9,
        "flags": [
          "dst-fold",
          "lmt"
        ]
      },
      "sdk": {
        "instant": "1879-12-31T21:38:06.000Z",
        "offsetMinutes": 140.9,
        "flags": [
          "dst-fold",
          "lmt"
        ]
      },
      "exactModel": {
        "instant": "1879-12-31T21:38:06.000Z",
        "offsetMinutes": 140.9,
        "flags": [
          "lmt"
        ],
        "matches": 1,
        "gapShiftMinutes": 0
      },
      "changed": true,
      "instantChanged": false
    },
    {
      "date": "1880-01-01",
      "time": "00:00",
      "zone": "Asia/Jerusalem",
      "source": "historical-subminute-transition",
      "site": {
        "instant": "1879-12-31T21:39:20.000Z",
        "offsetMinutes": 140.66666666666666,
        "flags": [
          "lmt"
        ]
      },
      "sdk": {
        "instant": "1879-12-31T21:39:20.000Z",
        "offsetMinutes": 140.66666666666666,
        "flags": [
          "lmt"
        ]
      },
      "exactModel": {
        "instant": "1879-12-31T21:39:20.000Z",
        "offsetMinutes": 140.66666666666666,
        "flags": [
          "lmt"
        ],
        "matches": 1,
        "gapShiftMinutes": 0
      },
      "changed": false,
      "instantChanged": false
    },
    {
      "date": "1880-01-01",
      "time": "00:01",
      "zone": "Asia/Jerusalem",
      "source": "historical-subminute-transition",
      "site": {
        "instant": "1879-12-31T21:40:20.000Z",
        "offsetMinutes": 140.66666666666666,
        "flags": [
          "lmt"
        ]
      },
      "sdk": {
        "instant": "1879-12-31T21:40:20.000Z",
        "offsetMinutes": 140.66666666666666,
        "flags": [
          "lmt"
        ]
      },
      "exactModel": {
        "instant": "1879-12-31T21:40:20.000Z",
        "offsetMinutes": 140.66666666666666,
        "flags": [
          "lmt"
        ],
        "matches": 1,
        "gapShiftMinutes": 0
      },
      "changed": false,
      "instantChanged": false
    },
    {
      "date": "1880-01-01",
      "time": "00:02",
      "zone": "Asia/Jerusalem",
      "source": "historical-subminute-transition",
      "site": {
        "instant": "1879-12-31T21:41:20.000Z",
        "offsetMinutes": 140.66666666666666,
        "flags": [
          "lmt"
        ]
      },
      "sdk": {
        "instant": "1879-12-31T21:41:20.000Z",
        "offsetMinutes": 140.66666666666666,
        "flags": [
          "lmt"
        ]
      },
      "exactModel": {
        "instant": "1879-12-31T21:41:20.000Z",
        "offsetMinutes": 140.66666666666666,
        "flags": [
          "lmt"
        ],
        "matches": 1,
        "gapShiftMinutes": 0
      },
      "changed": false,
      "instantChanged": false
    },
    {
      "date": "1879-12-31",
      "time": "23:57",
      "zone": "Asia/Jerusalem",
      "source": "historical-subminute-transition",
      "site": {
        "instant": "1879-12-31T21:36:06.000Z",
        "offsetMinutes": 140.9,
        "flags": [
          "dst-fold",
          "lmt"
        ]
      },
      "sdk": {
        "instant": "1879-12-31T21:36:06.000Z",
        "offsetMinutes": 140.9,
        "flags": [
          "dst-fold",
          "lmt"
        ]
      },
      "exactModel": {
        "instant": "1879-12-31T21:36:06.000Z",
        "offsetMinutes": 140.9,
        "flags": [
          "lmt"
        ],
        "matches": 1,
        "gapShiftMinutes": 0
      },
      "changed": true,
      "instantChanged": false
    },
    {
      "date": "1854-06-27",
      "time": "23:58",
      "zone": "Asia/Kolkata",
      "source": "historical-subminute-transition",
      "site": {
        "instant": "1854-06-27T18:04:32.000Z",
        "offsetMinutes": 353.46666666666664,
        "flags": [
          "dst-fold",
          "lmt"
        ]
      },
      "sdk": {
        "instant": "1854-06-27T18:04:32.000Z",
        "offsetMinutes": 353.46666666666664,
        "flags": [
          "dst-fold",
          "lmt"
        ]
      },
      "exactModel": {
        "instant": "1854-06-27T18:04:32.000Z",
        "offsetMinutes": 353.46666666666664,
        "flags": [
          "lmt"
        ],
        "matches": 1,
        "gapShiftMinutes": 0
      },
      "changed": true,
      "instantChanged": false
    },
    {
      "date": "1854-06-27",
      "time": "23:59",
      "zone": "Asia/Kolkata",
      "source": "historical-subminute-transition",
      "site": {
        "instant": "1854-06-27T18:05:32.000Z",
        "offsetMinutes": 353.46666666666664,
        "flags": [
          "dst-fold",
          "lmt"
        ]
      },
      "sdk": {
        "instant": "1854-06-27T18:05:32.000Z",
        "offsetMinutes": 353.46666666666664,
        "flags": [
          "dst-fold",
          "lmt"
        ]
      },
      "exactModel": {
        "instant": "1854-06-27T18:05:32.000Z",
        "offsetMinutes": 353.46666666666664,
        "flags": [
          "lmt"
        ],
        "matches": 1,
        "gapShiftMinutes": 0
      },
      "changed": true,
      "instantChanged": false
    },
    {
      "date": "1854-06-28",
      "time": "00:00",
      "zone": "Asia/Kolkata",
      "source": "historical-subminute-transition",
      "site": {
        "instant": "1854-06-27T18:06:40.000Z",
        "offsetMinutes": 353.3333333333333,
        "flags": [
          "lmt"
        ]
      },
      "sdk": {
        "instant": "1854-06-27T18:06:40.000Z",
        "offsetMinutes": 353.3333333333333,
        "flags": [
          "lmt"
        ]
      },
      "exactModel": {
        "instant": "1854-06-27T18:06:40.000Z",
        "offsetMinutes": 353.3333333333333,
        "flags": [
          "lmt"
        ],
        "matches": 1,
        "gapShiftMinutes": 0
      },
      "changed": false,
      "instantChanged": false
    },
    {
      "date": "1854-06-28",
      "time": "00:01",
      "zone": "Asia/Kolkata",
      "source": "historical-subminute-transition",
      "site": {
        "instant": "1854-06-27T18:07:40.000Z",
        "offsetMinutes": 353.3333333333333,
        "flags": [
          "lmt"
        ]
      },
      "sdk": {
        "instant": "1854-06-27T18:07:40.000Z",
        "offsetMinutes": 353.3333333333333,
        "flags": [
          "lmt"
        ]
      },
      "exactModel": {
        "instant": "1854-06-27T18:07:40.000Z",
        "offsetMinutes": 353.3333333333333,
        "flags": [
          "lmt"
        ],
        "matches": 1,
        "gapShiftMinutes": 0
      },
      "changed": false,
      "instantChanged": false
    },
    {
      "date": "1854-06-28",
      "time": "00:02",
      "zone": "Asia/Kolkata",
      "source": "historical-subminute-transition",
      "site": {
        "instant": "1854-06-27T18:08:40.000Z",
        "offsetMinutes": 353.3333333333333,
        "flags": [
          "lmt"
        ]
      },
      "sdk": {
        "instant": "1854-06-27T18:08:40.000Z",
        "offsetMinutes": 353.3333333333333,
        "flags": [
          "lmt"
        ]
      },
      "exactModel": {
        "instant": "1854-06-27T18:08:40.000Z",
        "offsetMinutes": 353.3333333333333,
        "flags": [
          "lmt"
        ],
        "matches": 1,
        "gapShiftMinutes": 0
      },
      "changed": false,
      "instantChanged": false
    },
    {
      "date": "1854-06-27",
      "time": "23:57",
      "zone": "Asia/Kolkata",
      "source": "historical-subminute-transition",
      "site": {
        "instant": "1854-06-27T18:03:32.000Z",
        "offsetMinutes": 353.46666666666664,
        "flags": [
          "dst-fold",
          "lmt"
        ]
      },
      "sdk": {
        "instant": "1854-06-27T18:03:32.000Z",
        "offsetMinutes": 353.46666666666664,
        "flags": [
          "dst-fold",
          "lmt"
        ]
      },
      "exactModel": {
        "instant": "1854-06-27T18:03:32.000Z",
        "offsetMinutes": 353.46666666666664,
        "flags": [
          "lmt"
        ],
        "matches": 1,
        "gapShiftMinutes": 0
      },
      "changed": true,
      "instantChanged": false
    },
    {
      "date": "1924-05-01",
      "time": "23:58",
      "zone": "Asia/Tbilisi",
      "source": "historical-subminute-transition",
      "site": {
        "instant": "1924-05-01T20:58:49.000Z",
        "offsetMinutes": 179.18333333333334,
        "flags": [
          "lmt"
        ]
      },
      "sdk": {
        "instant": "1924-05-01T20:58:49.000Z",
        "offsetMinutes": 179.18333333333334,
        "flags": [
          "lmt"
        ]
      },
      "exactModel": {
        "instant": "1924-05-01T20:58:49.000Z",
        "offsetMinutes": 179.18333333333334,
        "flags": [
          "lmt"
        ],
        "matches": 1,
        "gapShiftMinutes": 0
      },
      "changed": false,
      "instantChanged": false
    },
    {
      "date": "1924-05-01",
      "time": "23:59",
      "zone": "Asia/Tbilisi",
      "source": "historical-subminute-transition",
      "site": {
        "instant": "1924-05-01T20:59:49.000Z",
        "offsetMinutes": 179.18333333333334,
        "flags": [
          "lmt"
        ]
      },
      "sdk": {
        "instant": "1924-05-01T20:59:49.000Z",
        "offsetMinutes": 179.18333333333334,
        "flags": [
          "lmt"
        ]
      },
      "exactModel": {
        "instant": "1924-05-01T20:59:49.000Z",
        "offsetMinutes": 179.18333333333334,
        "flags": [
          "lmt"
        ],
        "matches": 1,
        "gapShiftMinutes": 0
      },
      "changed": false,
      "instantChanged": false
    },
    {
      "date": "1924-05-02",
      "time": "00:00",
      "zone": "Asia/Tbilisi",
      "source": "historical-subminute-transition",
      "site": {
        "instant": "1924-05-01T21:00:49.000Z",
        "offsetMinutes": 180,
        "flags": []
      },
      "sdk": {
        "instant": "1924-05-01T21:00:49.000Z",
        "offsetMinutes": 180,
        "flags": []
      },
      "exactModel": {
        "instant": "1924-05-01T21:00:49.000Z",
        "offsetMinutes": 180,
        "flags": [
          "dst-gap"
        ],
        "matches": 0,
        "gapShiftMinutes": 0.8166666666666667
      },
      "changed": true,
      "instantChanged": false
    },
    {
      "date": "1924-05-02",
      "time": "00:01",
      "zone": "Asia/Tbilisi",
      "source": "historical-subminute-transition",
      "site": {
        "instant": "1924-05-01T21:01:00.000Z",
        "offsetMinutes": 180,
        "flags": [
          "dst-fold"
        ]
      },
      "sdk": {
        "instant": "1924-05-01T21:01:00.000Z",
        "offsetMinutes": 180,
        "flags": [
          "dst-fold"
        ]
      },
      "exactModel": {
        "instant": "1924-05-01T21:01:00.000Z",
        "offsetMinutes": 180,
        "flags": [],
        "matches": 1,
        "gapShiftMinutes": 0
      },
      "changed": true,
      "instantChanged": false
    },
    {
      "date": "1924-05-02",
      "time": "00:02",
      "zone": "Asia/Tbilisi",
      "source": "historical-subminute-transition",
      "site": {
        "instant": "1924-05-01T21:02:00.000Z",
        "offsetMinutes": 180,
        "flags": [
          "dst-fold"
        ]
      },
      "sdk": {
        "instant": "1924-05-01T21:02:00.000Z",
        "offsetMinutes": 180,
        "flags": [
          "dst-fold"
        ]
      },
      "exactModel": {
        "instant": "1924-05-01T21:02:00.000Z",
        "offsetMinutes": 180,
        "flags": [],
        "matches": 1,
        "gapShiftMinutes": 0
      },
      "changed": true,
      "instantChanged": false
    },
    {
      "date": "1879-12-31",
      "time": "23:58",
      "zone": "Asia/Tel_Aviv",
      "source": "historical-subminute-transition",
      "site": {
        "instant": "1879-12-31T21:37:06.000Z",
        "offsetMinutes": 140.9,
        "flags": [
          "dst-fold",
          "lmt"
        ]
      },
      "sdk": {
        "instant": "1879-12-31T21:37:06.000Z",
        "offsetMinutes": 140.9,
        "flags": [
          "dst-fold",
          "lmt"
        ]
      },
      "exactModel": {
        "instant": "1879-12-31T21:37:06.000Z",
        "offsetMinutes": 140.9,
        "flags": [
          "lmt"
        ],
        "matches": 1,
        "gapShiftMinutes": 0
      },
      "changed": true,
      "instantChanged": false
    },
    {
      "date": "1879-12-31",
      "time": "23:59",
      "zone": "Asia/Tel_Aviv",
      "source": "historical-subminute-transition",
      "site": {
        "instant": "1879-12-31T21:38:06.000Z",
        "offsetMinutes": 140.9,
        "flags": [
          "dst-fold",
          "lmt"
        ]
      },
      "sdk": {
        "instant": "1879-12-31T21:38:06.000Z",
        "offsetMinutes": 140.9,
        "flags": [
          "dst-fold",
          "lmt"
        ]
      },
      "exactModel": {
        "instant": "1879-12-31T21:38:06.000Z",
        "offsetMinutes": 140.9,
        "flags": [
          "lmt"
        ],
        "matches": 1,
        "gapShiftMinutes": 0
      },
      "changed": true,
      "instantChanged": false
    },
    {
      "date": "1880-01-01",
      "time": "00:00",
      "zone": "Asia/Tel_Aviv",
      "source": "historical-subminute-transition",
      "site": {
        "instant": "1879-12-31T21:39:20.000Z",
        "offsetMinutes": 140.66666666666666,
        "flags": [
          "lmt"
        ]
      },
      "sdk": {
        "instant": "1879-12-31T21:39:20.000Z",
        "offsetMinutes": 140.66666666666666,
        "flags": [
          "lmt"
        ]
      },
      "exactModel": {
        "instant": "1879-12-31T21:39:20.000Z",
        "offsetMinutes": 140.66666666666666,
        "flags": [
          "lmt"
        ],
        "matches": 1,
        "gapShiftMinutes": 0
      },
      "changed": false,
      "instantChanged": false
    },
    {
      "date": "1880-01-01",
      "time": "00:01",
      "zone": "Asia/Tel_Aviv",
      "source": "historical-subminute-transition",
      "site": {
        "instant": "1879-12-31T21:40:20.000Z",
        "offsetMinutes": 140.66666666666666,
        "flags": [
          "lmt"
        ]
      },
      "sdk": {
        "instant": "1879-12-31T21:40:20.000Z",
        "offsetMinutes": 140.66666666666666,
        "flags": [
          "lmt"
        ]
      },
      "exactModel": {
        "instant": "1879-12-31T21:40:20.000Z",
        "offsetMinutes": 140.66666666666666,
        "flags": [
          "lmt"
        ],
        "matches": 1,
        "gapShiftMinutes": 0
      },
      "changed": false,
      "instantChanged": false
    },
    {
      "date": "1880-01-01",
      "time": "00:02",
      "zone": "Asia/Tel_Aviv",
      "source": "historical-subminute-transition",
      "site": {
        "instant": "1879-12-31T21:41:20.000Z",
        "offsetMinutes": 140.66666666666666,
        "flags": [
          "lmt"
        ]
      },
      "sdk": {
        "instant": "1879-12-31T21:41:20.000Z",
        "offsetMinutes": 140.66666666666666,
        "flags": [
          "lmt"
        ]
      },
      "exactModel": {
        "instant": "1879-12-31T21:41:20.000Z",
        "offsetMinutes": 140.66666666666666,
        "flags": [
          "lmt"
        ],
        "matches": 1,
        "gapShiftMinutes": 0
      },
      "changed": false,
      "instantChanged": false
    },
    {
      "date": "1879-12-31",
      "time": "23:57",
      "zone": "Asia/Tel_Aviv",
      "source": "historical-subminute-transition",
      "site": {
        "instant": "1879-12-31T21:36:06.000Z",
        "offsetMinutes": 140.9,
        "flags": [
          "dst-fold",
          "lmt"
        ]
      },
      "sdk": {
        "instant": "1879-12-31T21:36:06.000Z",
        "offsetMinutes": 140.9,
        "flags": [
          "dst-fold",
          "lmt"
        ]
      },
      "exactModel": {
        "instant": "1879-12-31T21:36:06.000Z",
        "offsetMinutes": 140.9,
        "flags": [
          "lmt"
        ],
        "matches": 1,
        "gapShiftMinutes": 0
      },
      "changed": true,
      "instantChanged": false
    },
    {
      "date": "1913-12-31",
      "time": "23:58",
      "zone": "Brazil/West",
      "source": "historical-subminute-transition",
      "site": {
        "instant": "1914-01-01T03:58:04.000Z",
        "offsetMinutes": -240.06666666666666,
        "flags": [
          "lmt"
        ]
      },
      "sdk": {
        "instant": "1914-01-01T03:58:04.000Z",
        "offsetMinutes": -240.06666666666666,
        "flags": [
          "lmt"
        ]
      },
      "exactModel": {
        "instant": "1914-01-01T03:58:04.000Z",
        "offsetMinutes": -240.06666666666666,
        "flags": [
          "lmt"
        ],
        "matches": 1,
        "gapShiftMinutes": 0
      },
      "changed": false,
      "instantChanged": false
    },
    {
      "date": "1913-12-31",
      "time": "23:59",
      "zone": "Brazil/West",
      "source": "historical-subminute-transition",
      "site": {
        "instant": "1914-01-01T03:59:04.000Z",
        "offsetMinutes": -240.06666666666666,
        "flags": [
          "lmt"
        ]
      },
      "sdk": {
        "instant": "1914-01-01T03:59:04.000Z",
        "offsetMinutes": -240.06666666666666,
        "flags": [
          "lmt"
        ]
      },
      "exactModel": {
        "instant": "1914-01-01T03:59:04.000Z",
        "offsetMinutes": -240.06666666666666,
        "flags": [
          "lmt"
        ],
        "matches": 1,
        "gapShiftMinutes": 0
      },
      "changed": false,
      "instantChanged": false
    },
    {
      "date": "1914-01-01",
      "time": "00:00",
      "zone": "Brazil/West",
      "source": "historical-subminute-transition",
      "site": {
        "instant": "1914-01-01T04:00:04.000Z",
        "offsetMinutes": -240,
        "flags": []
      },
      "sdk": {
        "instant": "1914-01-01T04:00:04.000Z",
        "offsetMinutes": -240,
        "flags": []
      },
      "exactModel": {
        "instant": "1914-01-01T04:00:04.000Z",
        "offsetMinutes": -240,
        "flags": [
          "dst-gap"
        ],
        "matches": 0,
        "gapShiftMinutes": 0.06666666666666667
      },
      "changed": true,
      "instantChanged": false
    },
    {
      "date": "1914-01-01",
      "time": "00:01",
      "zone": "Brazil/West",
      "source": "historical-subminute-transition",
      "site": {
        "instant": "1914-01-01T04:01:00.000Z",
        "offsetMinutes": -240,
        "flags": [
          "dst-fold"
        ]
      },
      "sdk": {
        "instant": "1914-01-01T04:01:00.000Z",
        "offsetMinutes": -240,
        "flags": [
          "dst-fold"
        ]
      },
      "exactModel": {
        "instant": "1914-01-01T04:01:00.000Z",
        "offsetMinutes": -240,
        "flags": [],
        "matches": 1,
        "gapShiftMinutes": 0
      },
      "changed": true,
      "instantChanged": false
    },
    {
      "date": "1914-01-01",
      "time": "00:02",
      "zone": "Brazil/West",
      "source": "historical-subminute-transition",
      "site": {
        "instant": "1914-01-01T04:02:00.000Z",
        "offsetMinutes": -240,
        "flags": [
          "dst-fold"
        ]
      },
      "sdk": {
        "instant": "1914-01-01T04:02:00.000Z",
        "offsetMinutes": -240,
        "flags": [
          "dst-fold"
        ]
      },
      "exactModel": {
        "instant": "1914-01-01T04:02:00.000Z",
        "offsetMinutes": -240,
        "flags": [],
        "matches": 1,
        "gapShiftMinutes": 0
      },
      "changed": true,
      "instantChanged": false
    },
    {
      "date": "1935-03-29",
      "time": "23:58",
      "zone": "Canada/Newfoundland",
      "source": "historical-subminute-transition",
      "site": {
        "instant": "1935-03-30T03:28:52.000Z",
        "offsetMinutes": -210.86666666666667,
        "flags": [
          "lmt"
        ]
      },
      "sdk": {
        "instant": "1935-03-30T03:28:52.000Z",
        "offsetMinutes": -210.86666666666667,
        "flags": [
          "lmt"
        ]
      },
      "exactModel": {
        "instant": "1935-03-30T03:28:52.000Z",
        "offsetMinutes": -210.86666666666667,
        "flags": [
          "lmt"
        ],
        "matches": 1,
        "gapShiftMinutes": 0
      },
      "changed": false,
      "instantChanged": false
    },
    {
      "date": "1935-03-29",
      "time": "23:59",
      "zone": "Canada/Newfoundland",
      "source": "historical-subminute-transition",
      "site": {
        "instant": "1935-03-30T03:29:52.000Z",
        "offsetMinutes": -210.86666666666667,
        "flags": [
          "lmt"
        ]
      },
      "sdk": {
        "instant": "1935-03-30T03:29:52.000Z",
        "offsetMinutes": -210.86666666666667,
        "flags": [
          "lmt"
        ]
      },
      "exactModel": {
        "instant": "1935-03-30T03:29:52.000Z",
        "offsetMinutes": -210.86666666666667,
        "flags": [
          "lmt"
        ],
        "matches": 1,
        "gapShiftMinutes": 0
      },
      "changed": false,
      "instantChanged": false
    },
    {
      "date": "1935-03-30",
      "time": "00:00",
      "zone": "Canada/Newfoundland",
      "source": "historical-subminute-transition",
      "site": {
        "instant": "1935-03-30T03:30:52.000Z",
        "offsetMinutes": -210,
        "flags": []
      },
      "sdk": {
        "instant": "1935-03-30T03:30:52.000Z",
        "offsetMinutes": -210,
        "flags": []
      },
      "exactModel": {
        "instant": "1935-03-30T03:30:52.000Z",
        "offsetMinutes": -210,
        "flags": [
          "dst-gap"
        ],
        "matches": 0,
        "gapShiftMinutes": 0.8666666666666667
      },
      "changed": true,
      "instantChanged": false
    },
    {
      "date": "1935-03-30",
      "time": "00:01",
      "zone": "Canada/Newfoundland",
      "source": "historical-subminute-transition",
      "site": {
        "instant": "1935-03-30T03:31:00.000Z",
        "offsetMinutes": -210,
        "flags": [
          "dst-fold"
        ]
      },
      "sdk": {
        "instant": "1935-03-30T03:31:00.000Z",
        "offsetMinutes": -210,
        "flags": [
          "dst-fold"
        ]
      },
      "exactModel": {
        "instant": "1935-03-30T03:31:00.000Z",
        "offsetMinutes": -210,
        "flags": [],
        "matches": 1,
        "gapShiftMinutes": 0
      },
      "changed": true,
      "instantChanged": false
    },
    {
      "date": "1935-03-30",
      "time": "00:02",
      "zone": "Canada/Newfoundland",
      "source": "historical-subminute-transition",
      "site": {
        "instant": "1935-03-30T03:32:00.000Z",
        "offsetMinutes": -210,
        "flags": [
          "dst-fold"
        ]
      },
      "sdk": {
        "instant": "1935-03-30T03:32:00.000Z",
        "offsetMinutes": -210,
        "flags": [
          "dst-fold"
        ]
      },
      "exactModel": {
        "instant": "1935-03-30T03:32:00.000Z",
        "offsetMinutes": -210,
        "flags": [],
        "matches": 1,
        "gapShiftMinutes": 0
      },
      "changed": true,
      "instantChanged": false
    },
    {
      "date": "1900-08-19",
      "time": "23:58",
      "zone": "Canada/Yukon",
      "source": "historical-subminute-transition",
      "site": {
        "instant": "1900-08-20T08:58:12.000Z",
        "offsetMinutes": -540.2,
        "flags": [
          "lmt"
        ]
      },
      "sdk": {
        "instant": "1900-08-20T08:58:12.000Z",
        "offsetMinutes": -540.2,
        "flags": [
          "lmt"
        ]
      },
      "exactModel": {
        "instant": "1900-08-20T08:58:12.000Z",
        "offsetMinutes": -540.2,
        "flags": [
          "lmt"
        ],
        "matches": 1,
        "gapShiftMinutes": 0
      },
      "changed": false,
      "instantChanged": false
    },
    {
      "date": "1900-08-19",
      "time": "23:59",
      "zone": "Canada/Yukon",
      "source": "historical-subminute-transition",
      "site": {
        "instant": "1900-08-20T08:59:12.000Z",
        "offsetMinutes": -540.2,
        "flags": [
          "lmt"
        ]
      },
      "sdk": {
        "instant": "1900-08-20T08:59:12.000Z",
        "offsetMinutes": -540.2,
        "flags": [
          "lmt"
        ]
      },
      "exactModel": {
        "instant": "1900-08-20T08:59:12.000Z",
        "offsetMinutes": -540.2,
        "flags": [
          "lmt"
        ],
        "matches": 1,
        "gapShiftMinutes": 0
      },
      "changed": false,
      "instantChanged": false
    },
    {
      "date": "1900-08-20",
      "time": "00:00",
      "zone": "Canada/Yukon",
      "source": "historical-subminute-transition",
      "site": {
        "instant": "1900-08-20T09:00:12.000Z",
        "offsetMinutes": -540,
        "flags": []
      },
      "sdk": {
        "instant": "1900-08-20T09:00:12.000Z",
        "offsetMinutes": -540,
        "flags": []
      },
      "exactModel": {
        "instant": "1900-08-20T09:00:12.000Z",
        "offsetMinutes": -540,
        "flags": [
          "dst-gap"
        ],
        "matches": 0,
        "gapShiftMinutes": 0.2
      },
      "changed": true,
      "instantChanged": false
    },
    {
      "date": "1900-08-20",
      "time": "00:01",
      "zone": "Canada/Yukon",
      "source": "historical-subminute-transition",
      "site": {
        "instant": "1900-08-20T09:01:00.000Z",
        "offsetMinutes": -540,
        "flags": [
          "dst-fold"
        ]
      },
      "sdk": {
        "instant": "1900-08-20T09:01:00.000Z",
        "offsetMinutes": -540,
        "flags": [
          "dst-fold"
        ]
      },
      "exactModel": {
        "instant": "1900-08-20T09:01:00.000Z",
        "offsetMinutes": -540,
        "flags": [],
        "matches": 1,
        "gapShiftMinutes": 0
      },
      "changed": true,
      "instantChanged": false
    },
    {
      "date": "1900-08-20",
      "time": "00:02",
      "zone": "Canada/Yukon",
      "source": "historical-subminute-transition",
      "site": {
        "instant": "1900-08-20T09:02:00.000Z",
        "offsetMinutes": -540,
        "flags": [
          "dst-fold"
        ]
      },
      "sdk": {
        "instant": "1900-08-20T09:02:00.000Z",
        "offsetMinutes": -540,
        "flags": [
          "dst-fold"
        ]
      },
      "exactModel": {
        "instant": "1900-08-20T09:02:00.000Z",
        "offsetMinutes": -540,
        "flags": [],
        "matches": 1,
        "gapShiftMinutes": 0
      },
      "changed": true,
      "instantChanged": false
    },
    {
      "date": "1889-12-31",
      "time": "23:58",
      "zone": "Cuba",
      "source": "historical-subminute-transition",
      "site": {
        "instant": "1890-01-01T05:27:28.000Z",
        "offsetMinutes": -329.46666666666664,
        "flags": [
          "dst-fold",
          "lmt"
        ]
      },
      "sdk": {
        "instant": "1890-01-01T05:27:28.000Z",
        "offsetMinutes": -329.46666666666664,
        "flags": [
          "dst-fold",
          "lmt"
        ]
      },
      "exactModel": {
        "instant": "1890-01-01T05:27:28.000Z",
        "offsetMinutes": -329.46666666666664,
        "flags": [
          "lmt"
        ],
        "matches": 1,
        "gapShiftMinutes": 0
      },
      "changed": true,
      "instantChanged": false
    },
    {
      "date": "1889-12-31",
      "time": "23:59",
      "zone": "Cuba",
      "source": "historical-subminute-transition",
      "site": {
        "instant": "1890-01-01T05:28:28.000Z",
        "offsetMinutes": -329.46666666666664,
        "flags": [
          "dst-fold",
          "lmt"
        ]
      },
      "sdk": {
        "instant": "1890-01-01T05:28:28.000Z",
        "offsetMinutes": -329.46666666666664,
        "flags": [
          "dst-fold",
          "lmt"
        ]
      },
      "exactModel": {
        "instant": "1890-01-01T05:28:28.000Z",
        "offsetMinutes": -329.46666666666664,
        "flags": [
          "lmt"
        ],
        "matches": 1,
        "gapShiftMinutes": 0
      },
      "changed": true,
      "instantChanged": false
    },
    {
      "date": "1890-01-01",
      "time": "00:00",
      "zone": "Cuba",
      "source": "historical-subminute-transition",
      "site": {
        "instant": "1890-01-01T05:29:36.000Z",
        "offsetMinutes": -329.6,
        "flags": [
          "lmt"
        ]
      },
      "sdk": {
        "instant": "1890-01-01T05:29:36.000Z",
        "offsetMinutes": -329.6,
        "flags": [
          "lmt"
        ]
      },
      "exactModel": {
        "instant": "1890-01-01T05:29:36.000Z",
        "offsetMinutes": -329.6,
        "flags": [
          "lmt"
        ],
        "matches": 1,
        "gapShiftMinutes": 0
      },
      "changed": false,
      "instantChanged": false
    },
    {
      "date": "1890-01-01",
      "time": "00:01",
      "zone": "Cuba",
      "source": "historical-subminute-transition",
      "site": {
        "instant": "1890-01-01T05:30:36.000Z",
        "offsetMinutes": -329.6,
        "flags": [
          "lmt"
        ]
      },
      "sdk": {
        "instant": "1890-01-01T05:30:36.000Z",
        "offsetMinutes": -329.6,
        "flags": [
          "lmt"
        ]
      },
      "exactModel": {
        "instant": "1890-01-01T05:30:36.000Z",
        "offsetMinutes": -329.6,
        "flags": [
          "lmt"
        ],
        "matches": 1,
        "gapShiftMinutes": 0
      },
      "changed": false,
      "instantChanged": false
    },
    {
      "date": "1890-01-01",
      "time": "00:02",
      "zone": "Cuba",
      "source": "historical-subminute-transition",
      "site": {
        "instant": "1890-01-01T05:31:36.000Z",
        "offsetMinutes": -329.6,
        "flags": [
          "lmt"
        ]
      },
      "sdk": {
        "instant": "1890-01-01T05:31:36.000Z",
        "offsetMinutes": -329.6,
        "flags": [
          "lmt"
        ]
      },
      "exactModel": {
        "instant": "1890-01-01T05:31:36.000Z",
        "offsetMinutes": -329.6,
        "flags": [
          "lmt"
        ],
        "matches": 1,
        "gapShiftMinutes": 0
      },
      "changed": false,
      "instantChanged": false
    },
    {
      "date": "1889-12-31",
      "time": "23:57",
      "zone": "Cuba",
      "source": "historical-subminute-transition",
      "site": {
        "instant": "1890-01-01T05:26:28.000Z",
        "offsetMinutes": -329.46666666666664,
        "flags": [
          "dst-fold",
          "lmt"
        ]
      },
      "sdk": {
        "instant": "1890-01-01T05:26:28.000Z",
        "offsetMinutes": -329.46666666666664,
        "flags": [
          "dst-fold",
          "lmt"
        ]
      },
      "exactModel": {
        "instant": "1890-01-01T05:26:28.000Z",
        "offsetMinutes": -329.46666666666664,
        "flags": [
          "lmt"
        ],
        "matches": 1,
        "gapShiftMinutes": 0
      },
      "changed": true,
      "instantChanged": false
    },
    {
      "date": "1879-12-31",
      "time": "23:58",
      "zone": "Europe/Chisinau",
      "source": "historical-subminute-transition",
      "site": {
        "instant": "1879-12-31T22:02:40.000Z",
        "offsetMinutes": 115.33333333333333,
        "flags": [
          "dst-fold",
          "lmt"
        ]
      },
      "sdk": {
        "instant": "1879-12-31T22:02:40.000Z",
        "offsetMinutes": 115.33333333333333,
        "flags": [
          "dst-fold",
          "lmt"
        ]
      },
      "exactModel": {
        "instant": "1879-12-31T22:02:40.000Z",
        "offsetMinutes": 115.33333333333333,
        "flags": [
          "lmt"
        ],
        "matches": 1,
        "gapShiftMinutes": 0
      },
      "changed": true,
      "instantChanged": false
    },
    {
      "date": "1879-12-31",
      "time": "23:59",
      "zone": "Europe/Chisinau",
      "source": "historical-subminute-transition",
      "site": {
        "instant": "1879-12-31T22:03:40.000Z",
        "offsetMinutes": 115.33333333333333,
        "flags": [
          "dst-fold",
          "lmt"
        ]
      },
      "sdk": {
        "instant": "1879-12-31T22:03:40.000Z",
        "offsetMinutes": 115.33333333333333,
        "flags": [
          "dst-fold",
          "lmt"
        ]
      },
      "exactModel": {
        "instant": "1879-12-31T22:03:40.000Z",
        "offsetMinutes": 115.33333333333333,
        "flags": [
          "lmt"
        ],
        "matches": 1,
        "gapShiftMinutes": 0
      },
      "changed": true,
      "instantChanged": false
    },
    {
      "date": "1880-01-01",
      "time": "00:00",
      "zone": "Europe/Chisinau",
      "source": "historical-subminute-transition",
      "site": {
        "instant": "1879-12-31T22:05:00.000Z",
        "offsetMinutes": 115,
        "flags": []
      },
      "sdk": {
        "instant": "1879-12-31T22:05:00.000Z",
        "offsetMinutes": 115,
        "flags": []
      },
      "exactModel": {
        "instant": "1879-12-31T22:05:00.000Z",
        "offsetMinutes": 115,
        "flags": [],
        "matches": 1,
        "gapShiftMinutes": 0
      },
      "changed": false,
      "instantChanged": false
    },
    {
      "date": "1880-01-01",
      "time": "00:01",
      "zone": "Europe/Chisinau",
      "source": "historical-subminute-transition",
      "site": {
        "instant": "1879-12-31T22:06:00.000Z",
        "offsetMinutes": 115,
        "flags": []
      },
      "sdk": {
        "instant": "1879-12-31T22:06:00.000Z",
        "offsetMinutes": 115,
        "flags": []
      },
      "exactModel": {
        "instant": "1879-12-31T22:06:00.000Z",
        "offsetMinutes": 115,
        "flags": [],
        "matches": 1,
        "gapShiftMinutes": 0
      },
      "changed": false,
      "instantChanged": false
    },
    {
      "date": "1880-01-01",
      "time": "00:02",
      "zone": "Europe/Chisinau",
      "source": "historical-subminute-transition",
      "site": {
        "instant": "1879-12-31T22:07:00.000Z",
        "offsetMinutes": 115,
        "flags": []
      },
      "sdk": {
        "instant": "1879-12-31T22:07:00.000Z",
        "offsetMinutes": 115,
        "flags": []
      },
      "exactModel": {
        "instant": "1879-12-31T22:07:00.000Z",
        "offsetMinutes": 115,
        "flags": [],
        "matches": 1,
        "gapShiftMinutes": 0
      },
      "changed": false,
      "instantChanged": false
    },
    {
      "date": "1879-12-31",
      "time": "23:57",
      "zone": "Europe/Chisinau",
      "source": "historical-subminute-transition",
      "site": {
        "instant": "1879-12-31T22:01:40.000Z",
        "offsetMinutes": 115.33333333333333,
        "flags": [
          "dst-fold",
          "lmt"
        ]
      },
      "sdk": {
        "instant": "1879-12-31T22:01:40.000Z",
        "offsetMinutes": 115.33333333333333,
        "flags": [
          "dst-fold",
          "lmt"
        ]
      },
      "exactModel": {
        "instant": "1879-12-31T22:01:40.000Z",
        "offsetMinutes": 115.33333333333333,
        "flags": [
          "lmt"
        ],
        "matches": 1,
        "gapShiftMinutes": 0
      },
      "changed": true,
      "instantChanged": false
    },
    {
      "date": "1879-12-31",
      "time": "23:58",
      "zone": "Europe/Minsk",
      "source": "historical-subminute-transition",
      "site": {
        "instant": "1879-12-31T22:07:44.000Z",
        "offsetMinutes": 110.26666666666667,
        "flags": [
          "dst-fold",
          "lmt"
        ]
      },
      "sdk": {
        "instant": "1879-12-31T22:07:44.000Z",
        "offsetMinutes": 110.26666666666667,
        "flags": [
          "dst-fold",
          "lmt"
        ]
      },
      "exactModel": {
        "instant": "1879-12-31T22:07:44.000Z",
        "offsetMinutes": 110.26666666666667,
        "flags": [
          "lmt"
        ],
        "matches": 1,
        "gapShiftMinutes": 0
      },
      "changed": true,
      "instantChanged": false
    },
    {
      "date": "1879-12-31",
      "time": "23:59",
      "zone": "Europe/Minsk",
      "source": "historical-subminute-transition",
      "site": {
        "instant": "1879-12-31T22:08:44.000Z",
        "offsetMinutes": 110.26666666666667,
        "flags": [
          "dst-fold",
          "lmt"
        ]
      },
      "sdk": {
        "instant": "1879-12-31T22:08:44.000Z",
        "offsetMinutes": 110.26666666666667,
        "flags": [
          "dst-fold",
          "lmt"
        ]
      },
      "exactModel": {
        "instant": "1879-12-31T22:08:44.000Z",
        "offsetMinutes": 110.26666666666667,
        "flags": [
          "lmt"
        ],
        "matches": 1,
        "gapShiftMinutes": 0
      },
      "changed": true,
      "instantChanged": false
    },
    {
      "date": "1880-01-01",
      "time": "00:00",
      "zone": "Europe/Minsk",
      "source": "historical-subminute-transition",
      "site": {
        "instant": "1879-12-31T22:10:00.000Z",
        "offsetMinutes": 110,
        "flags": []
      },
      "sdk": {
        "instant": "1879-12-31T22:10:00.000Z",
        "offsetMinutes": 110,
        "flags": []
      },
      "exactModel": {
        "instant": "1879-12-31T22:10:00.000Z",
        "offsetMinutes": 110,
        "flags": [],
        "matches": 1,
        "gapShiftMinutes": 0
      },
      "changed": false,
      "instantChanged": false
    },
    {
      "date": "1880-01-01",
      "time": "00:01",
      "zone": "Europe/Minsk",
      "source": "historical-subminute-transition",
      "site": {
        "instant": "1879-12-31T22:11:00.000Z",
        "offsetMinutes": 110,
        "flags": []
      },
      "sdk": {
        "instant": "1879-12-31T22:11:00.000Z",
        "offsetMinutes": 110,
        "flags": []
      },
      "exactModel": {
        "instant": "1879-12-31T22:11:00.000Z",
        "offsetMinutes": 110,
        "flags": [],
        "matches": 1,
        "gapShiftMinutes": 0
      },
      "changed": false,
      "instantChanged": false
    },
    {
      "date": "1880-01-01",
      "time": "00:02",
      "zone": "Europe/Minsk",
      "source": "historical-subminute-transition",
      "site": {
        "instant": "1879-12-31T22:12:00.000Z",
        "offsetMinutes": 110,
        "flags": []
      },
      "sdk": {
        "instant": "1879-12-31T22:12:00.000Z",
        "offsetMinutes": 110,
        "flags": []
      },
      "exactModel": {
        "instant": "1879-12-31T22:12:00.000Z",
        "offsetMinutes": 110,
        "flags": [],
        "matches": 1,
        "gapShiftMinutes": 0
      },
      "changed": false,
      "instantChanged": false
    },
    {
      "date": "1879-12-31",
      "time": "23:57",
      "zone": "Europe/Minsk",
      "source": "historical-subminute-transition",
      "site": {
        "instant": "1879-12-31T22:06:44.000Z",
        "offsetMinutes": 110.26666666666667,
        "flags": [
          "dst-fold",
          "lmt"
        ]
      },
      "sdk": {
        "instant": "1879-12-31T22:06:44.000Z",
        "offsetMinutes": 110.26666666666667,
        "flags": [
          "dst-fold",
          "lmt"
        ]
      },
      "exactModel": {
        "instant": "1879-12-31T22:06:44.000Z",
        "offsetMinutes": 110.26666666666667,
        "flags": [
          "lmt"
        ],
        "matches": 1,
        "gapShiftMinutes": 0
      },
      "changed": true,
      "instantChanged": false
    },
    {
      "date": "1879-12-31",
      "time": "23:58",
      "zone": "Europe/Simferopol",
      "source": "historical-subminute-transition",
      "site": {
        "instant": "1879-12-31T21:41:36.000Z",
        "offsetMinutes": 136.4,
        "flags": [
          "dst-fold",
          "lmt"
        ]
      },
      "sdk": {
        "instant": "1879-12-31T21:41:36.000Z",
        "offsetMinutes": 136.4,
        "flags": [
          "dst-fold",
          "lmt"
        ]
      },
      "exactModel": {
        "instant": "1879-12-31T21:41:36.000Z",
        "offsetMinutes": 136.4,
        "flags": [
          "lmt"
        ],
        "matches": 1,
        "gapShiftMinutes": 0
      },
      "changed": true,
      "instantChanged": false
    },
    {
      "date": "1879-12-31",
      "time": "23:59",
      "zone": "Europe/Simferopol",
      "source": "historical-subminute-transition",
      "site": {
        "instant": "1879-12-31T21:42:36.000Z",
        "offsetMinutes": 136.4,
        "flags": [
          "dst-fold",
          "lmt"
        ]
      },
      "sdk": {
        "instant": "1879-12-31T21:42:36.000Z",
        "offsetMinutes": 136.4,
        "flags": [
          "dst-fold",
          "lmt"
        ]
      },
      "exactModel": {
        "instant": "1879-12-31T21:42:36.000Z",
        "offsetMinutes": 136.4,
        "flags": [
          "lmt"
        ],
        "matches": 1,
        "gapShiftMinutes": 0
      },
      "changed": true,
      "instantChanged": false
    },
    {
      "date": "1880-01-01",
      "time": "00:00",
      "zone": "Europe/Simferopol",
      "source": "historical-subminute-transition",
      "site": {
        "instant": "1879-12-31T21:44:00.000Z",
        "offsetMinutes": 136,
        "flags": []
      },
      "sdk": {
        "instant": "1879-12-31T21:44:00.000Z",
        "offsetMinutes": 136,
        "flags": []
      },
      "exactModel": {
        "instant": "1879-12-31T21:44:00.000Z",
        "offsetMinutes": 136,
        "flags": [],
        "matches": 1,
        "gapShiftMinutes": 0
      },
      "changed": false,
      "instantChanged": false
    },
    {
      "date": "1880-01-01",
      "time": "00:01",
      "zone": "Europe/Simferopol",
      "source": "historical-subminute-transition",
      "site": {
        "instant": "1879-12-31T21:45:00.000Z",
        "offsetMinutes": 136,
        "flags": []
      },
      "sdk": {
        "instant": "1879-12-31T21:45:00.000Z",
        "offsetMinutes": 136,
        "flags": []
      },
      "exactModel": {
        "instant": "1879-12-31T21:45:00.000Z",
        "offsetMinutes": 136,
        "flags": [],
        "matches": 1,
        "gapShiftMinutes": 0
      },
      "changed": false,
      "instantChanged": false
    },
    {
      "date": "1880-01-01",
      "time": "00:02",
      "zone": "Europe/Simferopol",
      "source": "historical-subminute-transition",
      "site": {
        "instant": "1879-12-31T21:46:00.000Z",
        "offsetMinutes": 136,
        "flags": []
      },
      "sdk": {
        "instant": "1879-12-31T21:46:00.000Z",
        "offsetMinutes": 136,
        "flags": []
      },
      "exactModel": {
        "instant": "1879-12-31T21:46:00.000Z",
        "offsetMinutes": 136,
        "flags": [],
        "matches": 1,
        "gapShiftMinutes": 0
      },
      "changed": false,
      "instantChanged": false
    },
    {
      "date": "1879-12-31",
      "time": "23:57",
      "zone": "Europe/Simferopol",
      "source": "historical-subminute-transition",
      "site": {
        "instant": "1879-12-31T21:40:36.000Z",
        "offsetMinutes": 136.4,
        "flags": [
          "dst-fold",
          "lmt"
        ]
      },
      "sdk": {
        "instant": "1879-12-31T21:40:36.000Z",
        "offsetMinutes": 136.4,
        "flags": [
          "dst-fold",
          "lmt"
        ]
      },
      "exactModel": {
        "instant": "1879-12-31T21:40:36.000Z",
        "offsetMinutes": 136.4,
        "flags": [
          "lmt"
        ],
        "matches": 1,
        "gapShiftMinutes": 0
      },
      "changed": true,
      "instantChanged": false
    },
    {
      "date": "1879-12-31",
      "time": "23:58",
      "zone": "Europe/Tiraspol",
      "source": "historical-subminute-transition",
      "site": {
        "instant": "1879-12-31T22:02:40.000Z",
        "offsetMinutes": 115.33333333333333,
        "flags": [
          "dst-fold",
          "lmt"
        ]
      },
      "sdk": {
        "instant": "1879-12-31T22:02:40.000Z",
        "offsetMinutes": 115.33333333333333,
        "flags": [
          "dst-fold",
          "lmt"
        ]
      },
      "exactModel": {
        "instant": "1879-12-31T22:02:40.000Z",
        "offsetMinutes": 115.33333333333333,
        "flags": [
          "lmt"
        ],
        "matches": 1,
        "gapShiftMinutes": 0
      },
      "changed": true,
      "instantChanged": false
    },
    {
      "date": "1879-12-31",
      "time": "23:59",
      "zone": "Europe/Tiraspol",
      "source": "historical-subminute-transition",
      "site": {
        "instant": "1879-12-31T22:03:40.000Z",
        "offsetMinutes": 115.33333333333333,
        "flags": [
          "dst-fold",
          "lmt"
        ]
      },
      "sdk": {
        "instant": "1879-12-31T22:03:40.000Z",
        "offsetMinutes": 115.33333333333333,
        "flags": [
          "dst-fold",
          "lmt"
        ]
      },
      "exactModel": {
        "instant": "1879-12-31T22:03:40.000Z",
        "offsetMinutes": 115.33333333333333,
        "flags": [
          "lmt"
        ],
        "matches": 1,
        "gapShiftMinutes": 0
      },
      "changed": true,
      "instantChanged": false
    },
    {
      "date": "1880-01-01",
      "time": "00:00",
      "zone": "Europe/Tiraspol",
      "source": "historical-subminute-transition",
      "site": {
        "instant": "1879-12-31T22:05:00.000Z",
        "offsetMinutes": 115,
        "flags": []
      },
      "sdk": {
        "instant": "1879-12-31T22:05:00.000Z",
        "offsetMinutes": 115,
        "flags": []
      },
      "exactModel": {
        "instant": "1879-12-31T22:05:00.000Z",
        "offsetMinutes": 115,
        "flags": [],
        "matches": 1,
        "gapShiftMinutes": 0
      },
      "changed": false,
      "instantChanged": false
    },
    {
      "date": "1880-01-01",
      "time": "00:01",
      "zone": "Europe/Tiraspol",
      "source": "historical-subminute-transition",
      "site": {
        "instant": "1879-12-31T22:06:00.000Z",
        "offsetMinutes": 115,
        "flags": []
      },
      "sdk": {
        "instant": "1879-12-31T22:06:00.000Z",
        "offsetMinutes": 115,
        "flags": []
      },
      "exactModel": {
        "instant": "1879-12-31T22:06:00.000Z",
        "offsetMinutes": 115,
        "flags": [],
        "matches": 1,
        "gapShiftMinutes": 0
      },
      "changed": false,
      "instantChanged": false
    },
    {
      "date": "1880-01-01",
      "time": "00:02",
      "zone": "Europe/Tiraspol",
      "source": "historical-subminute-transition",
      "site": {
        "instant": "1879-12-31T22:07:00.000Z",
        "offsetMinutes": 115,
        "flags": []
      },
      "sdk": {
        "instant": "1879-12-31T22:07:00.000Z",
        "offsetMinutes": 115,
        "flags": []
      },
      "exactModel": {
        "instant": "1879-12-31T22:07:00.000Z",
        "offsetMinutes": 115,
        "flags": [],
        "matches": 1,
        "gapShiftMinutes": 0
      },
      "changed": false,
      "instantChanged": false
    },
    {
      "date": "1879-12-31",
      "time": "23:57",
      "zone": "Europe/Tiraspol",
      "source": "historical-subminute-transition",
      "site": {
        "instant": "1879-12-31T22:01:40.000Z",
        "offsetMinutes": 115.33333333333333,
        "flags": [
          "dst-fold",
          "lmt"
        ]
      },
      "sdk": {
        "instant": "1879-12-31T22:01:40.000Z",
        "offsetMinutes": 115.33333333333333,
        "flags": [
          "dst-fold",
          "lmt"
        ]
      },
      "exactModel": {
        "instant": "1879-12-31T22:01:40.000Z",
        "offsetMinutes": 115.33333333333333,
        "flags": [
          "lmt"
        ],
        "matches": 1,
        "gapShiftMinutes": 0
      },
      "changed": true,
      "instantChanged": false
    },
    {
      "date": "1879-12-31",
      "time": "23:58",
      "zone": "Israel",
      "source": "historical-subminute-transition",
      "site": {
        "instant": "1879-12-31T21:37:06.000Z",
        "offsetMinutes": 140.9,
        "flags": [
          "dst-fold",
          "lmt"
        ]
      },
      "sdk": {
        "instant": "1879-12-31T21:37:06.000Z",
        "offsetMinutes": 140.9,
        "flags": [
          "dst-fold",
          "lmt"
        ]
      },
      "exactModel": {
        "instant": "1879-12-31T21:37:06.000Z",
        "offsetMinutes": 140.9,
        "flags": [
          "lmt"
        ],
        "matches": 1,
        "gapShiftMinutes": 0
      },
      "changed": true,
      "instantChanged": false
    },
    {
      "date": "1879-12-31",
      "time": "23:59",
      "zone": "Israel",
      "source": "historical-subminute-transition",
      "site": {
        "instant": "1879-12-31T21:38:06.000Z",
        "offsetMinutes": 140.9,
        "flags": [
          "dst-fold",
          "lmt"
        ]
      },
      "sdk": {
        "instant": "1879-12-31T21:38:06.000Z",
        "offsetMinutes": 140.9,
        "flags": [
          "dst-fold",
          "lmt"
        ]
      },
      "exactModel": {
        "instant": "1879-12-31T21:38:06.000Z",
        "offsetMinutes": 140.9,
        "flags": [
          "lmt"
        ],
        "matches": 1,
        "gapShiftMinutes": 0
      },
      "changed": true,
      "instantChanged": false
    },
    {
      "date": "1880-01-01",
      "time": "00:00",
      "zone": "Israel",
      "source": "historical-subminute-transition",
      "site": {
        "instant": "1879-12-31T21:39:20.000Z",
        "offsetMinutes": 140.66666666666666,
        "flags": [
          "lmt"
        ]
      },
      "sdk": {
        "instant": "1879-12-31T21:39:20.000Z",
        "offsetMinutes": 140.66666666666666,
        "flags": [
          "lmt"
        ]
      },
      "exactModel": {
        "instant": "1879-12-31T21:39:20.000Z",
        "offsetMinutes": 140.66666666666666,
        "flags": [
          "lmt"
        ],
        "matches": 1,
        "gapShiftMinutes": 0
      },
      "changed": false,
      "instantChanged": false
    },
    {
      "date": "1880-01-01",
      "time": "00:01",
      "zone": "Israel",
      "source": "historical-subminute-transition",
      "site": {
        "instant": "1879-12-31T21:40:20.000Z",
        "offsetMinutes": 140.66666666666666,
        "flags": [
          "lmt"
        ]
      },
      "sdk": {
        "instant": "1879-12-31T21:40:20.000Z",
        "offsetMinutes": 140.66666666666666,
        "flags": [
          "lmt"
        ]
      },
      "exactModel": {
        "instant": "1879-12-31T21:40:20.000Z",
        "offsetMinutes": 140.66666666666666,
        "flags": [
          "lmt"
        ],
        "matches": 1,
        "gapShiftMinutes": 0
      },
      "changed": false,
      "instantChanged": false
    },
    {
      "date": "1880-01-01",
      "time": "00:02",
      "zone": "Israel",
      "source": "historical-subminute-transition",
      "site": {
        "instant": "1879-12-31T21:41:20.000Z",
        "offsetMinutes": 140.66666666666666,
        "flags": [
          "lmt"
        ]
      },
      "sdk": {
        "instant": "1879-12-31T21:41:20.000Z",
        "offsetMinutes": 140.66666666666666,
        "flags": [
          "lmt"
        ]
      },
      "exactModel": {
        "instant": "1879-12-31T21:41:20.000Z",
        "offsetMinutes": 140.66666666666666,
        "flags": [
          "lmt"
        ],
        "matches": 1,
        "gapShiftMinutes": 0
      },
      "changed": false,
      "instantChanged": false
    },
    {
      "date": "1879-12-31",
      "time": "23:57",
      "zone": "Israel",
      "source": "historical-subminute-transition",
      "site": {
        "instant": "1879-12-31T21:36:06.000Z",
        "offsetMinutes": 140.9,
        "flags": [
          "dst-fold",
          "lmt"
        ]
      },
      "sdk": {
        "instant": "1879-12-31T21:36:06.000Z",
        "offsetMinutes": 140.9,
        "flags": [
          "dst-fold",
          "lmt"
        ]
      },
      "exactModel": {
        "instant": "1879-12-31T21:36:06.000Z",
        "offsetMinutes": 140.9,
        "flags": [
          "lmt"
        ],
        "matches": 1,
        "gapShiftMinutes": 0
      },
      "changed": true,
      "instantChanged": false
    },
    {
      "date": "1883-11-18",
      "time": "11:58",
      "zone": "MST7MDT",
      "source": "historical-subminute-transition",
      "site": {
        "instant": "1883-11-18T18:57:56.000Z",
        "offsetMinutes": -419.93333333333334,
        "flags": [
          "dst-fold",
          "lmt"
        ]
      },
      "sdk": {
        "instant": "1883-11-18T18:57:56.000Z",
        "offsetMinutes": -419.93333333333334,
        "flags": [
          "dst-fold",
          "lmt"
        ]
      },
      "exactModel": {
        "instant": "1883-11-18T18:57:56.000Z",
        "offsetMinutes": -419.93333333333334,
        "flags": [
          "lmt"
        ],
        "matches": 1,
        "gapShiftMinutes": 0
      },
      "changed": true,
      "instantChanged": false
    },
    {
      "date": "1883-11-18",
      "time": "11:59",
      "zone": "MST7MDT",
      "source": "historical-subminute-transition",
      "site": {
        "instant": "1883-11-18T18:58:56.000Z",
        "offsetMinutes": -419.93333333333334,
        "flags": [
          "dst-fold",
          "lmt"
        ]
      },
      "sdk": {
        "instant": "1883-11-18T18:58:56.000Z",
        "offsetMinutes": -419.93333333333334,
        "flags": [
          "dst-fold",
          "lmt"
        ]
      },
      "exactModel": {
        "instant": "1883-11-18T18:58:56.000Z",
        "offsetMinutes": -419.93333333333334,
        "flags": [
          "lmt"
        ],
        "matches": 1,
        "gapShiftMinutes": 0
      },
      "changed": true,
      "instantChanged": false
    },
    {
      "date": "1883-11-18",
      "time": "12:00",
      "zone": "MST7MDT",
      "source": "historical-subminute-transition",
      "site": {
        "instant": "1883-11-18T18:59:56.000Z",
        "offsetMinutes": -419.93333333333334,
        "flags": [
          "dst-fold",
          "lmt"
        ]
      },
      "sdk": {
        "instant": "1883-11-18T18:59:56.000Z",
        "offsetMinutes": -419.93333333333334,
        "flags": [
          "dst-fold",
          "lmt"
        ]
      },
      "exactModel": {
        "instant": "1883-11-18T18:59:56.000Z",
        "offsetMinutes": -419.93333333333334,
        "flags": [
          "dst-fold",
          "lmt"
        ],
        "matches": 2,
        "gapShiftMinutes": 0
      },
      "changed": false,
      "instantChanged": false
    },
    {
      "date": "1883-11-18",
      "time": "12:01",
      "zone": "MST7MDT",
      "source": "historical-subminute-transition",
      "site": {
        "instant": "1883-11-18T19:01:00.000Z",
        "offsetMinutes": -420,
        "flags": []
      },
      "sdk": {
        "instant": "1883-11-18T19:01:00.000Z",
        "offsetMinutes": -420,
        "flags": []
      },
      "exactModel": {
        "instant": "1883-11-18T19:01:00.000Z",
        "offsetMinutes": -420,
        "flags": [],
        "matches": 1,
        "gapShiftMinutes": 0
      },
      "changed": false,
      "instantChanged": false
    },
    {
      "date": "1883-11-18",
      "time": "12:02",
      "zone": "MST7MDT",
      "source": "historical-subminute-transition",
      "site": {
        "instant": "1883-11-18T19:02:00.000Z",
        "offsetMinutes": -420,
        "flags": []
      },
      "sdk": {
        "instant": "1883-11-18T19:02:00.000Z",
        "offsetMinutes": -420,
        "flags": []
      },
      "exactModel": {
        "instant": "1883-11-18T19:02:00.000Z",
        "offsetMinutes": -420,
        "flags": [],
        "matches": 1,
        "gapShiftMinutes": 0
      },
      "changed": false,
      "instantChanged": false
    },
    {
      "date": "1883-11-18",
      "time": "11:58",
      "zone": "Navajo",
      "source": "historical-subminute-transition",
      "site": {
        "instant": "1883-11-18T18:57:56.000Z",
        "offsetMinutes": -419.93333333333334,
        "flags": [
          "dst-fold",
          "lmt"
        ]
      },
      "sdk": {
        "instant": "1883-11-18T18:57:56.000Z",
        "offsetMinutes": -419.93333333333334,
        "flags": [
          "dst-fold",
          "lmt"
        ]
      },
      "exactModel": {
        "instant": "1883-11-18T18:57:56.000Z",
        "offsetMinutes": -419.93333333333334,
        "flags": [
          "lmt"
        ],
        "matches": 1,
        "gapShiftMinutes": 0
      },
      "changed": true,
      "instantChanged": false
    },
    {
      "date": "1883-11-18",
      "time": "11:59",
      "zone": "Navajo",
      "source": "historical-subminute-transition",
      "site": {
        "instant": "1883-11-18T18:58:56.000Z",
        "offsetMinutes": -419.93333333333334,
        "flags": [
          "dst-fold",
          "lmt"
        ]
      },
      "sdk": {
        "instant": "1883-11-18T18:58:56.000Z",
        "offsetMinutes": -419.93333333333334,
        "flags": [
          "dst-fold",
          "lmt"
        ]
      },
      "exactModel": {
        "instant": "1883-11-18T18:58:56.000Z",
        "offsetMinutes": -419.93333333333334,
        "flags": [
          "lmt"
        ],
        "matches": 1,
        "gapShiftMinutes": 0
      },
      "changed": true,
      "instantChanged": false
    },
    {
      "date": "1883-11-18",
      "time": "12:00",
      "zone": "Navajo",
      "source": "historical-subminute-transition",
      "site": {
        "instant": "1883-11-18T18:59:56.000Z",
        "offsetMinutes": -419.93333333333334,
        "flags": [
          "dst-fold",
          "lmt"
        ]
      },
      "sdk": {
        "instant": "1883-11-18T18:59:56.000Z",
        "offsetMinutes": -419.93333333333334,
        "flags": [
          "dst-fold",
          "lmt"
        ]
      },
      "exactModel": {
        "instant": "1883-11-18T18:59:56.000Z",
        "offsetMinutes": -419.93333333333334,
        "flags": [
          "dst-fold",
          "lmt"
        ],
        "matches": 2,
        "gapShiftMinutes": 0
      },
      "changed": false,
      "instantChanged": false
    },
    {
      "date": "1883-11-18",
      "time": "12:01",
      "zone": "Navajo",
      "source": "historical-subminute-transition",
      "site": {
        "instant": "1883-11-18T19:01:00.000Z",
        "offsetMinutes": -420,
        "flags": []
      },
      "sdk": {
        "instant": "1883-11-18T19:01:00.000Z",
        "offsetMinutes": -420,
        "flags": []
      },
      "exactModel": {
        "instant": "1883-11-18T19:01:00.000Z",
        "offsetMinutes": -420,
        "flags": [],
        "matches": 1,
        "gapShiftMinutes": 0
      },
      "changed": false,
      "instantChanged": false
    },
    {
      "date": "1883-11-18",
      "time": "12:02",
      "zone": "Navajo",
      "source": "historical-subminute-transition",
      "site": {
        "instant": "1883-11-18T19:02:00.000Z",
        "offsetMinutes": -420,
        "flags": []
      },
      "sdk": {
        "instant": "1883-11-18T19:02:00.000Z",
        "offsetMinutes": -420,
        "flags": []
      },
      "exactModel": {
        "instant": "1883-11-18T19:02:00.000Z",
        "offsetMinutes": -420,
        "flags": [],
        "matches": 1,
        "gapShiftMinutes": 0
      },
      "changed": false,
      "instantChanged": false
    },
    {
      "date": "1879-12-31",
      "time": "23:58",
      "zone": "Pacific/Chuuk",
      "source": "historical-subminute-transition",
      "site": {
        "instant": "1879-12-31T14:09:20.000Z",
        "offsetMinutes": 588.6666666666666,
        "flags": [
          "dst-fold",
          "lmt"
        ]
      },
      "sdk": {
        "instant": "1879-12-31T14:09:20.000Z",
        "offsetMinutes": 588.6666666666666,
        "flags": [
          "dst-fold",
          "lmt"
        ]
      },
      "exactModel": {
        "instant": "1879-12-31T14:09:20.000Z",
        "offsetMinutes": 588.6666666666666,
        "flags": [
          "lmt"
        ],
        "matches": 1,
        "gapShiftMinutes": 0
      },
      "changed": true,
      "instantChanged": false
    },
    {
      "date": "1879-12-31",
      "time": "23:59",
      "zone": "Pacific/Chuuk",
      "source": "historical-subminute-transition",
      "site": {
        "instant": "1879-12-31T14:10:20.000Z",
        "offsetMinutes": 588.6666666666666,
        "flags": [
          "dst-fold",
          "lmt"
        ]
      },
      "sdk": {
        "instant": "1879-12-31T14:10:20.000Z",
        "offsetMinutes": 588.6666666666666,
        "flags": [
          "dst-fold",
          "lmt"
        ]
      },
      "exactModel": {
        "instant": "1879-12-31T14:10:20.000Z",
        "offsetMinutes": 588.6666666666666,
        "flags": [
          "lmt"
        ],
        "matches": 1,
        "gapShiftMinutes": 0
      },
      "changed": true,
      "instantChanged": false
    },
    {
      "date": "1880-01-01",
      "time": "00:00",
      "zone": "Pacific/Chuuk",
      "source": "historical-subminute-transition",
      "site": {
        "instant": "1879-12-31T14:11:28.000Z",
        "offsetMinutes": 588.5333333333333,
        "flags": [
          "lmt"
        ]
      },
      "sdk": {
        "instant": "1879-12-31T14:11:28.000Z",
        "offsetMinutes": 588.5333333333333,
        "flags": [
          "lmt"
        ]
      },
      "exactModel": {
        "instant": "1879-12-31T14:11:28.000Z",
        "offsetMinutes": 588.5333333333333,
        "flags": [
          "lmt"
        ],
        "matches": 1,
        "gapShiftMinutes": 0
      },
      "changed": false,
      "instantChanged": false
    },
    {
      "date": "1880-01-01",
      "time": "00:01",
      "zone": "Pacific/Chuuk",
      "source": "historical-subminute-transition",
      "site": {
        "instant": "1879-12-31T14:12:28.000Z",
        "offsetMinutes": 588.5333333333333,
        "flags": [
          "lmt"
        ]
      },
      "sdk": {
        "instant": "1879-12-31T14:12:28.000Z",
        "offsetMinutes": 588.5333333333333,
        "flags": [
          "lmt"
        ]
      },
      "exactModel": {
        "instant": "1879-12-31T14:12:28.000Z",
        "offsetMinutes": 588.5333333333333,
        "flags": [
          "lmt"
        ],
        "matches": 1,
        "gapShiftMinutes": 0
      },
      "changed": false,
      "instantChanged": false
    },
    {
      "date": "1880-01-01",
      "time": "00:02",
      "zone": "Pacific/Chuuk",
      "source": "historical-subminute-transition",
      "site": {
        "instant": "1879-12-31T14:13:28.000Z",
        "offsetMinutes": 588.5333333333333,
        "flags": [
          "lmt"
        ]
      },
      "sdk": {
        "instant": "1879-12-31T14:13:28.000Z",
        "offsetMinutes": 588.5333333333333,
        "flags": [
          "lmt"
        ]
      },
      "exactModel": {
        "instant": "1879-12-31T14:13:28.000Z",
        "offsetMinutes": 588.5333333333333,
        "flags": [
          "lmt"
        ],
        "matches": 1,
        "gapShiftMinutes": 0
      },
      "changed": false,
      "instantChanged": false
    },
    {
      "date": "1879-12-31",
      "time": "23:57",
      "zone": "Pacific/Chuuk",
      "source": "historical-subminute-transition",
      "site": {
        "instant": "1879-12-31T14:08:20.000Z",
        "offsetMinutes": 588.6666666666666,
        "flags": [
          "dst-fold",
          "lmt"
        ]
      },
      "sdk": {
        "instant": "1879-12-31T14:08:20.000Z",
        "offsetMinutes": 588.6666666666666,
        "flags": [
          "dst-fold",
          "lmt"
        ]
      },
      "exactModel": {
        "instant": "1879-12-31T14:08:20.000Z",
        "offsetMinutes": 588.6666666666666,
        "flags": [
          "lmt"
        ],
        "matches": 1,
        "gapShiftMinutes": 0
      },
      "changed": true,
      "instantChanged": false
    },
    {
      "date": "1912-09-30",
      "time": "23:58",
      "zone": "Pacific/Gambier",
      "source": "historical-subminute-transition",
      "site": {
        "instant": "1912-10-01T08:57:48.000Z",
        "offsetMinutes": -539.8,
        "flags": [
          "dst-fold",
          "lmt"
        ]
      },
      "sdk": {
        "instant": "1912-10-01T08:57:48.000Z",
        "offsetMinutes": -539.8,
        "flags": [
          "dst-fold",
          "lmt"
        ]
      },
      "exactModel": {
        "instant": "1912-10-01T08:57:48.000Z",
        "offsetMinutes": -539.8,
        "flags": [
          "lmt"
        ],
        "matches": 1,
        "gapShiftMinutes": 0
      },
      "changed": true,
      "instantChanged": false
    },
    {
      "date": "1912-09-30",
      "time": "23:59",
      "zone": "Pacific/Gambier",
      "source": "historical-subminute-transition",
      "site": {
        "instant": "1912-10-01T08:58:48.000Z",
        "offsetMinutes": -539.8,
        "flags": [
          "dst-fold",
          "lmt"
        ]
      },
      "sdk": {
        "instant": "1912-10-01T08:58:48.000Z",
        "offsetMinutes": -539.8,
        "flags": [
          "dst-fold",
          "lmt"
        ]
      },
      "exactModel": {
        "instant": "1912-10-01T08:58:48.000Z",
        "offsetMinutes": -539.8,
        "flags": [
          "lmt"
        ],
        "matches": 1,
        "gapShiftMinutes": 0
      },
      "changed": true,
      "instantChanged": false
    },
    {
      "date": "1912-10-01",
      "time": "00:00",
      "zone": "Pacific/Gambier",
      "source": "historical-subminute-transition",
      "site": {
        "instant": "1912-10-01T09:00:00.000Z",
        "offsetMinutes": -540,
        "flags": []
      },
      "sdk": {
        "instant": "1912-10-01T09:00:00.000Z",
        "offsetMinutes": -540,
        "flags": []
      },
      "exactModel": {
        "instant": "1912-10-01T09:00:00.000Z",
        "offsetMinutes": -540,
        "flags": [],
        "matches": 1,
        "gapShiftMinutes": 0
      },
      "changed": false,
      "instantChanged": false
    },
    {
      "date": "1912-10-01",
      "time": "00:01",
      "zone": "Pacific/Gambier",
      "source": "historical-subminute-transition",
      "site": {
        "instant": "1912-10-01T09:01:00.000Z",
        "offsetMinutes": -540,
        "flags": []
      },
      "sdk": {
        "instant": "1912-10-01T09:01:00.000Z",
        "offsetMinutes": -540,
        "flags": []
      },
      "exactModel": {
        "instant": "1912-10-01T09:01:00.000Z",
        "offsetMinutes": -540,
        "flags": [],
        "matches": 1,
        "gapShiftMinutes": 0
      },
      "changed": false,
      "instantChanged": false
    },
    {
      "date": "1912-10-01",
      "time": "00:02",
      "zone": "Pacific/Gambier",
      "source": "historical-subminute-transition",
      "site": {
        "instant": "1912-10-01T09:02:00.000Z",
        "offsetMinutes": -540,
        "flags": []
      },
      "sdk": {
        "instant": "1912-10-01T09:02:00.000Z",
        "offsetMinutes": -540,
        "flags": []
      },
      "exactModel": {
        "instant": "1912-10-01T09:02:00.000Z",
        "offsetMinutes": -540,
        "flags": [],
        "matches": 1,
        "gapShiftMinutes": 0
      },
      "changed": false,
      "instantChanged": false
    },
    {
      "date": "1912-09-30",
      "time": "23:57",
      "zone": "Pacific/Gambier",
      "source": "historical-subminute-transition",
      "site": {
        "instant": "1912-10-01T08:56:48.000Z",
        "offsetMinutes": -539.8,
        "flags": [
          "dst-fold",
          "lmt"
        ]
      },
      "sdk": {
        "instant": "1912-10-01T08:56:48.000Z",
        "offsetMinutes": -539.8,
        "flags": [
          "dst-fold",
          "lmt"
        ]
      },
      "exactModel": {
        "instant": "1912-10-01T08:56:48.000Z",
        "offsetMinutes": -539.8,
        "flags": [
          "lmt"
        ],
        "matches": 1,
        "gapShiftMinutes": 0
      },
      "changed": true,
      "instantChanged": false
    },
    {
      "date": "1952-10-15",
      "time": "23:58",
      "zone": "Pacific/Niue",
      "source": "historical-subminute-transition",
      "site": {
        "instant": "1952-10-16T11:17:40.000Z",
        "offsetMinutes": -679.6666666666666,
        "flags": [
          "dst-fold",
          "lmt"
        ]
      },
      "sdk": {
        "instant": "1952-10-16T11:17:40.000Z",
        "offsetMinutes": -679.6666666666666,
        "flags": [
          "dst-fold",
          "lmt"
        ]
      },
      "exactModel": {
        "instant": "1952-10-16T11:17:40.000Z",
        "offsetMinutes": -679.6666666666666,
        "flags": [
          "lmt"
        ],
        "matches": 1,
        "gapShiftMinutes": 0
      },
      "changed": true,
      "instantChanged": false
    },
    {
      "date": "1952-10-15",
      "time": "23:59",
      "zone": "Pacific/Niue",
      "source": "historical-subminute-transition",
      "site": {
        "instant": "1952-10-16T11:18:40.000Z",
        "offsetMinutes": -679.6666666666666,
        "flags": [
          "dst-fold",
          "lmt"
        ]
      },
      "sdk": {
        "instant": "1952-10-16T11:18:40.000Z",
        "offsetMinutes": -679.6666666666666,
        "flags": [
          "dst-fold",
          "lmt"
        ]
      },
      "exactModel": {
        "instant": "1952-10-16T11:18:40.000Z",
        "offsetMinutes": -679.6666666666666,
        "flags": [
          "lmt"
        ],
        "matches": 1,
        "gapShiftMinutes": 0
      },
      "changed": true,
      "instantChanged": false
    },
    {
      "date": "1952-10-16",
      "time": "00:00",
      "zone": "Pacific/Niue",
      "source": "historical-subminute-transition",
      "site": {
        "instant": "1952-10-16T11:20:00.000Z",
        "offsetMinutes": -680,
        "flags": []
      },
      "sdk": {
        "instant": "1952-10-16T11:20:00.000Z",
        "offsetMinutes": -680,
        "flags": []
      },
      "exactModel": {
        "instant": "1952-10-16T11:20:00.000Z",
        "offsetMinutes": -680,
        "flags": [],
        "matches": 1,
        "gapShiftMinutes": 0
      },
      "changed": false,
      "instantChanged": false
    },
    {
      "date": "1952-10-16",
      "time": "00:01",
      "zone": "Pacific/Niue",
      "source": "historical-subminute-transition",
      "site": {
        "instant": "1952-10-16T11:21:00.000Z",
        "offsetMinutes": -680,
        "flags": []
      },
      "sdk": {
        "instant": "1952-10-16T11:21:00.000Z",
        "offsetMinutes": -680,
        "flags": []
      },
      "exactModel": {
        "instant": "1952-10-16T11:21:00.000Z",
        "offsetMinutes": -680,
        "flags": [],
        "matches": 1,
        "gapShiftMinutes": 0
      },
      "changed": false,
      "instantChanged": false
    },
    {
      "date": "1952-10-16",
      "time": "00:02",
      "zone": "Pacific/Niue",
      "source": "historical-subminute-transition",
      "site": {
        "instant": "1952-10-16T11:22:00.000Z",
        "offsetMinutes": -680,
        "flags": []
      },
      "sdk": {
        "instant": "1952-10-16T11:22:00.000Z",
        "offsetMinutes": -680,
        "flags": []
      },
      "exactModel": {
        "instant": "1952-10-16T11:22:00.000Z",
        "offsetMinutes": -680,
        "flags": [],
        "matches": 1,
        "gapShiftMinutes": 0
      },
      "changed": false,
      "instantChanged": false
    },
    {
      "date": "1952-10-15",
      "time": "23:57",
      "zone": "Pacific/Niue",
      "source": "historical-subminute-transition",
      "site": {
        "instant": "1952-10-16T11:16:40.000Z",
        "offsetMinutes": -679.6666666666666,
        "flags": [
          "dst-fold",
          "lmt"
        ]
      },
      "sdk": {
        "instant": "1952-10-16T11:16:40.000Z",
        "offsetMinutes": -679.6666666666666,
        "flags": [
          "dst-fold",
          "lmt"
        ]
      },
      "exactModel": {
        "instant": "1952-10-16T11:16:40.000Z",
        "offsetMinutes": -679.6666666666666,
        "flags": [
          "lmt"
        ],
        "matches": 1,
        "gapShiftMinutes": 0
      },
      "changed": true,
      "instantChanged": false
    },
    {
      "date": "1900-12-31",
      "time": "23:58",
      "zone": "Pacific/Norfolk",
      "source": "historical-subminute-transition",
      "site": {
        "instant": "1900-12-31T12:46:08.000Z",
        "offsetMinutes": 671.8666666666667,
        "flags": [
          "lmt"
        ]
      },
      "sdk": {
        "instant": "1900-12-31T12:46:08.000Z",
        "offsetMinutes": 671.8666666666667,
        "flags": [
          "lmt"
        ]
      },
      "exactModel": {
        "instant": "1900-12-31T12:46:08.000Z",
        "offsetMinutes": 671.8666666666667,
        "flags": [
          "lmt"
        ],
        "matches": 1,
        "gapShiftMinutes": 0
      },
      "changed": false,
      "instantChanged": false
    },
    {
      "date": "1900-12-31",
      "time": "23:59",
      "zone": "Pacific/Norfolk",
      "source": "historical-subminute-transition",
      "site": {
        "instant": "1900-12-31T12:47:08.000Z",
        "offsetMinutes": 671.8666666666667,
        "flags": [
          "lmt"
        ]
      },
      "sdk": {
        "instant": "1900-12-31T12:47:08.000Z",
        "offsetMinutes": 671.8666666666667,
        "flags": [
          "lmt"
        ]
      },
      "exactModel": {
        "instant": "1900-12-31T12:47:08.000Z",
        "offsetMinutes": 671.8666666666667,
        "flags": [
          "lmt"
        ],
        "matches": 1,
        "gapShiftMinutes": 0
      },
      "changed": false,
      "instantChanged": false
    },
    {
      "date": "1901-01-01",
      "time": "00:00",
      "zone": "Pacific/Norfolk",
      "source": "historical-subminute-transition",
      "site": {
        "instant": "1900-12-31T12:48:08.000Z",
        "offsetMinutes": 672,
        "flags": []
      },
      "sdk": {
        "instant": "1900-12-31T12:48:08.000Z",
        "offsetMinutes": 672,
        "flags": []
      },
      "exactModel": {
        "instant": "1900-12-31T12:48:08.000Z",
        "offsetMinutes": 672,
        "flags": [
          "dst-gap"
        ],
        "matches": 0,
        "gapShiftMinutes": 0.13333333333333333
      },
      "changed": true,
      "instantChanged": false
    },
    {
      "date": "1901-01-01",
      "time": "00:01",
      "zone": "Pacific/Norfolk",
      "source": "historical-subminute-transition",
      "site": {
        "instant": "1900-12-31T12:49:00.000Z",
        "offsetMinutes": 672,
        "flags": [
          "dst-fold"
        ]
      },
      "sdk": {
        "instant": "1900-12-31T12:49:00.000Z",
        "offsetMinutes": 672,
        "flags": [
          "dst-fold"
        ]
      },
      "exactModel": {
        "instant": "1900-12-31T12:49:00.000Z",
        "offsetMinutes": 672,
        "flags": [],
        "matches": 1,
        "gapShiftMinutes": 0
      },
      "changed": true,
      "instantChanged": false
    },
    {
      "date": "1901-01-01",
      "time": "00:02",
      "zone": "Pacific/Norfolk",
      "source": "historical-subminute-transition",
      "site": {
        "instant": "1900-12-31T12:50:00.000Z",
        "offsetMinutes": 672,
        "flags": [
          "dst-fold"
        ]
      },
      "sdk": {
        "instant": "1900-12-31T12:50:00.000Z",
        "offsetMinutes": 672,
        "flags": [
          "dst-fold"
        ]
      },
      "exactModel": {
        "instant": "1900-12-31T12:50:00.000Z",
        "offsetMinutes": 672,
        "flags": [],
        "matches": 1,
        "gapShiftMinutes": 0
      },
      "changed": true,
      "instantChanged": false
    },
    {
      "date": "1879-12-31",
      "time": "23:58",
      "zone": "Pacific/Port_Moresby",
      "source": "historical-subminute-transition",
      "site": {
        "instant": "1879-12-31T14:09:20.000Z",
        "offsetMinutes": 588.6666666666666,
        "flags": [
          "dst-fold",
          "lmt"
        ]
      },
      "sdk": {
        "instant": "1879-12-31T14:09:20.000Z",
        "offsetMinutes": 588.6666666666666,
        "flags": [
          "dst-fold",
          "lmt"
        ]
      },
      "exactModel": {
        "instant": "1879-12-31T14:09:20.000Z",
        "offsetMinutes": 588.6666666666666,
        "flags": [
          "lmt"
        ],
        "matches": 1,
        "gapShiftMinutes": 0
      },
      "changed": true,
      "instantChanged": false
    },
    {
      "date": "1879-12-31",
      "time": "23:59",
      "zone": "Pacific/Port_Moresby",
      "source": "historical-subminute-transition",
      "site": {
        "instant": "1879-12-31T14:10:20.000Z",
        "offsetMinutes": 588.6666666666666,
        "flags": [
          "dst-fold",
          "lmt"
        ]
      },
      "sdk": {
        "instant": "1879-12-31T14:10:20.000Z",
        "offsetMinutes": 588.6666666666666,
        "flags": [
          "dst-fold",
          "lmt"
        ]
      },
      "exactModel": {
        "instant": "1879-12-31T14:10:20.000Z",
        "offsetMinutes": 588.6666666666666,
        "flags": [
          "lmt"
        ],
        "matches": 1,
        "gapShiftMinutes": 0
      },
      "changed": true,
      "instantChanged": false
    },
    {
      "date": "1880-01-01",
      "time": "00:00",
      "zone": "Pacific/Port_Moresby",
      "source": "historical-subminute-transition",
      "site": {
        "instant": "1879-12-31T14:11:28.000Z",
        "offsetMinutes": 588.5333333333333,
        "flags": [
          "lmt"
        ]
      },
      "sdk": {
        "instant": "1879-12-31T14:11:28.000Z",
        "offsetMinutes": 588.5333333333333,
        "flags": [
          "lmt"
        ]
      },
      "exactModel": {
        "instant": "1879-12-31T14:11:28.000Z",
        "offsetMinutes": 588.5333333333333,
        "flags": [
          "lmt"
        ],
        "matches": 1,
        "gapShiftMinutes": 0
      },
      "changed": false,
      "instantChanged": false
    },
    {
      "date": "1880-01-01",
      "time": "00:01",
      "zone": "Pacific/Port_Moresby",
      "source": "historical-subminute-transition",
      "site": {
        "instant": "1879-12-31T14:12:28.000Z",
        "offsetMinutes": 588.5333333333333,
        "flags": [
          "lmt"
        ]
      },
      "sdk": {
        "instant": "1879-12-31T14:12:28.000Z",
        "offsetMinutes": 588.5333333333333,
        "flags": [
          "lmt"
        ]
      },
      "exactModel": {
        "instant": "1879-12-31T14:12:28.000Z",
        "offsetMinutes": 588.5333333333333,
        "flags": [
          "lmt"
        ],
        "matches": 1,
        "gapShiftMinutes": 0
      },
      "changed": false,
      "instantChanged": false
    },
    {
      "date": "1880-01-01",
      "time": "00:02",
      "zone": "Pacific/Port_Moresby",
      "source": "historical-subminute-transition",
      "site": {
        "instant": "1879-12-31T14:13:28.000Z",
        "offsetMinutes": 588.5333333333333,
        "flags": [
          "lmt"
        ]
      },
      "sdk": {
        "instant": "1879-12-31T14:13:28.000Z",
        "offsetMinutes": 588.5333333333333,
        "flags": [
          "lmt"
        ]
      },
      "exactModel": {
        "instant": "1879-12-31T14:13:28.000Z",
        "offsetMinutes": 588.5333333333333,
        "flags": [
          "lmt"
        ],
        "matches": 1,
        "gapShiftMinutes": 0
      },
      "changed": false,
      "instantChanged": false
    },
    {
      "date": "1879-12-31",
      "time": "23:57",
      "zone": "Pacific/Port_Moresby",
      "source": "historical-subminute-transition",
      "site": {
        "instant": "1879-12-31T14:08:20.000Z",
        "offsetMinutes": 588.6666666666666,
        "flags": [
          "dst-fold",
          "lmt"
        ]
      },
      "sdk": {
        "instant": "1879-12-31T14:08:20.000Z",
        "offsetMinutes": 588.6666666666666,
        "flags": [
          "dst-fold",
          "lmt"
        ]
      },
      "exactModel": {
        "instant": "1879-12-31T14:08:20.000Z",
        "offsetMinutes": 588.6666666666666,
        "flags": [
          "lmt"
        ],
        "matches": 1,
        "gapShiftMinutes": 0
      },
      "changed": true,
      "instantChanged": false
    },
    {
      "date": "1945-09-09",
      "time": "23:58",
      "zone": "Pacific/Tongatapu",
      "source": "historical-subminute-transition",
      "site": {
        "instant": "1945-09-09T11:38:48.000Z",
        "offsetMinutes": 739.2,
        "flags": [
          "lmt"
        ]
      },
      "sdk": {
        "instant": "1945-09-09T11:38:48.000Z",
        "offsetMinutes": 739.2,
        "flags": [
          "lmt"
        ]
      },
      "exactModel": {
        "instant": "1945-09-09T11:38:48.000Z",
        "offsetMinutes": 739.2,
        "flags": [
          "lmt"
        ],
        "matches": 1,
        "gapShiftMinutes": 0
      },
      "changed": false,
      "instantChanged": false
    },
    {
      "date": "1945-09-09",
      "time": "23:59",
      "zone": "Pacific/Tongatapu",
      "source": "historical-subminute-transition",
      "site": {
        "instant": "1945-09-09T11:39:48.000Z",
        "offsetMinutes": 739.2,
        "flags": [
          "lmt"
        ]
      },
      "sdk": {
        "instant": "1945-09-09T11:39:48.000Z",
        "offsetMinutes": 739.2,
        "flags": [
          "lmt"
        ]
      },
      "exactModel": {
        "instant": "1945-09-09T11:39:48.000Z",
        "offsetMinutes": 739.2,
        "flags": [
          "lmt"
        ],
        "matches": 1,
        "gapShiftMinutes": 0
      },
      "changed": false,
      "instantChanged": false
    },
    {
      "date": "1945-09-10",
      "time": "00:00",
      "zone": "Pacific/Tongatapu",
      "source": "historical-subminute-transition",
      "site": {
        "instant": "1945-09-09T11:40:48.000Z",
        "offsetMinutes": 740,
        "flags": []
      },
      "sdk": {
        "instant": "1945-09-09T11:40:48.000Z",
        "offsetMinutes": 740,
        "flags": []
      },
      "exactModel": {
        "instant": "1945-09-09T11:40:48.000Z",
        "offsetMinutes": 740,
        "flags": [
          "dst-gap"
        ],
        "matches": 0,
        "gapShiftMinutes": 0.8
      },
      "changed": true,
      "instantChanged": false
    },
    {
      "date": "1945-09-10",
      "time": "00:01",
      "zone": "Pacific/Tongatapu",
      "source": "historical-subminute-transition",
      "site": {
        "instant": "1945-09-09T11:41:00.000Z",
        "offsetMinutes": 740,
        "flags": [
          "dst-fold"
        ]
      },
      "sdk": {
        "instant": "1945-09-09T11:41:00.000Z",
        "offsetMinutes": 740,
        "flags": [
          "dst-fold"
        ]
      },
      "exactModel": {
        "instant": "1945-09-09T11:41:00.000Z",
        "offsetMinutes": 740,
        "flags": [],
        "matches": 1,
        "gapShiftMinutes": 0
      },
      "changed": true,
      "instantChanged": false
    },
    {
      "date": "1945-09-10",
      "time": "00:02",
      "zone": "Pacific/Tongatapu",
      "source": "historical-subminute-transition",
      "site": {
        "instant": "1945-09-09T11:42:00.000Z",
        "offsetMinutes": 740,
        "flags": [
          "dst-fold"
        ]
      },
      "sdk": {
        "instant": "1945-09-09T11:42:00.000Z",
        "offsetMinutes": 740,
        "flags": [
          "dst-fold"
        ]
      },
      "exactModel": {
        "instant": "1945-09-09T11:42:00.000Z",
        "offsetMinutes": 740,
        "flags": [],
        "matches": 1,
        "gapShiftMinutes": 0
      },
      "changed": true,
      "instantChanged": false
    },
    {
      "date": "1879-12-31",
      "time": "23:58",
      "zone": "Pacific/Truk",
      "source": "historical-subminute-transition",
      "site": {
        "instant": "1879-12-31T14:09:20.000Z",
        "offsetMinutes": 588.6666666666666,
        "flags": [
          "dst-fold",
          "lmt"
        ]
      },
      "sdk": {
        "instant": "1879-12-31T14:09:20.000Z",
        "offsetMinutes": 588.6666666666666,
        "flags": [
          "dst-fold",
          "lmt"
        ]
      },
      "exactModel": {
        "instant": "1879-12-31T14:09:20.000Z",
        "offsetMinutes": 588.6666666666666,
        "flags": [
          "lmt"
        ],
        "matches": 1,
        "gapShiftMinutes": 0
      },
      "changed": true,
      "instantChanged": false
    },
    {
      "date": "1879-12-31",
      "time": "23:59",
      "zone": "Pacific/Truk",
      "source": "historical-subminute-transition",
      "site": {
        "instant": "1879-12-31T14:10:20.000Z",
        "offsetMinutes": 588.6666666666666,
        "flags": [
          "dst-fold",
          "lmt"
        ]
      },
      "sdk": {
        "instant": "1879-12-31T14:10:20.000Z",
        "offsetMinutes": 588.6666666666666,
        "flags": [
          "dst-fold",
          "lmt"
        ]
      },
      "exactModel": {
        "instant": "1879-12-31T14:10:20.000Z",
        "offsetMinutes": 588.6666666666666,
        "flags": [
          "lmt"
        ],
        "matches": 1,
        "gapShiftMinutes": 0
      },
      "changed": true,
      "instantChanged": false
    },
    {
      "date": "1880-01-01",
      "time": "00:00",
      "zone": "Pacific/Truk",
      "source": "historical-subminute-transition",
      "site": {
        "instant": "1879-12-31T14:11:28.000Z",
        "offsetMinutes": 588.5333333333333,
        "flags": [
          "lmt"
        ]
      },
      "sdk": {
        "instant": "1879-12-31T14:11:28.000Z",
        "offsetMinutes": 588.5333333333333,
        "flags": [
          "lmt"
        ]
      },
      "exactModel": {
        "instant": "1879-12-31T14:11:28.000Z",
        "offsetMinutes": 588.5333333333333,
        "flags": [
          "lmt"
        ],
        "matches": 1,
        "gapShiftMinutes": 0
      },
      "changed": false,
      "instantChanged": false
    },
    {
      "date": "1880-01-01",
      "time": "00:01",
      "zone": "Pacific/Truk",
      "source": "historical-subminute-transition",
      "site": {
        "instant": "1879-12-31T14:12:28.000Z",
        "offsetMinutes": 588.5333333333333,
        "flags": [
          "lmt"
        ]
      },
      "sdk": {
        "instant": "1879-12-31T14:12:28.000Z",
        "offsetMinutes": 588.5333333333333,
        "flags": [
          "lmt"
        ]
      },
      "exactModel": {
        "instant": "1879-12-31T14:12:28.000Z",
        "offsetMinutes": 588.5333333333333,
        "flags": [
          "lmt"
        ],
        "matches": 1,
        "gapShiftMinutes": 0
      },
      "changed": false,
      "instantChanged": false
    },
    {
      "date": "1880-01-01",
      "time": "00:02",
      "zone": "Pacific/Truk",
      "source": "historical-subminute-transition",
      "site": {
        "instant": "1879-12-31T14:13:28.000Z",
        "offsetMinutes": 588.5333333333333,
        "flags": [
          "lmt"
        ]
      },
      "sdk": {
        "instant": "1879-12-31T14:13:28.000Z",
        "offsetMinutes": 588.5333333333333,
        "flags": [
          "lmt"
        ]
      },
      "exactModel": {
        "instant": "1879-12-31T14:13:28.000Z",
        "offsetMinutes": 588.5333333333333,
        "flags": [
          "lmt"
        ],
        "matches": 1,
        "gapShiftMinutes": 0
      },
      "changed": false,
      "instantChanged": false
    },
    {
      "date": "1879-12-31",
      "time": "23:57",
      "zone": "Pacific/Truk",
      "source": "historical-subminute-transition",
      "site": {
        "instant": "1879-12-31T14:08:20.000Z",
        "offsetMinutes": 588.6666666666666,
        "flags": [
          "dst-fold",
          "lmt"
        ]
      },
      "sdk": {
        "instant": "1879-12-31T14:08:20.000Z",
        "offsetMinutes": 588.6666666666666,
        "flags": [
          "dst-fold",
          "lmt"
        ]
      },
      "exactModel": {
        "instant": "1879-12-31T14:08:20.000Z",
        "offsetMinutes": 588.6666666666666,
        "flags": [
          "lmt"
        ],
        "matches": 1,
        "gapShiftMinutes": 0
      },
      "changed": true,
      "instantChanged": false
    },
    {
      "date": "1879-12-31",
      "time": "23:58",
      "zone": "Pacific/Yap",
      "source": "historical-subminute-transition",
      "site": {
        "instant": "1879-12-31T14:09:20.000Z",
        "offsetMinutes": 588.6666666666666,
        "flags": [
          "dst-fold",
          "lmt"
        ]
      },
      "sdk": {
        "instant": "1879-12-31T14:09:20.000Z",
        "offsetMinutes": 588.6666666666666,
        "flags": [
          "dst-fold",
          "lmt"
        ]
      },
      "exactModel": {
        "instant": "1879-12-31T14:09:20.000Z",
        "offsetMinutes": 588.6666666666666,
        "flags": [
          "lmt"
        ],
        "matches": 1,
        "gapShiftMinutes": 0
      },
      "changed": true,
      "instantChanged": false
    },
    {
      "date": "1879-12-31",
      "time": "23:59",
      "zone": "Pacific/Yap",
      "source": "historical-subminute-transition",
      "site": {
        "instant": "1879-12-31T14:10:20.000Z",
        "offsetMinutes": 588.6666666666666,
        "flags": [
          "dst-fold",
          "lmt"
        ]
      },
      "sdk": {
        "instant": "1879-12-31T14:10:20.000Z",
        "offsetMinutes": 588.6666666666666,
        "flags": [
          "dst-fold",
          "lmt"
        ]
      },
      "exactModel": {
        "instant": "1879-12-31T14:10:20.000Z",
        "offsetMinutes": 588.6666666666666,
        "flags": [
          "lmt"
        ],
        "matches": 1,
        "gapShiftMinutes": 0
      },
      "changed": true,
      "instantChanged": false
    },
    {
      "date": "1880-01-01",
      "time": "00:00",
      "zone": "Pacific/Yap",
      "source": "historical-subminute-transition",
      "site": {
        "instant": "1879-12-31T14:11:28.000Z",
        "offsetMinutes": 588.5333333333333,
        "flags": [
          "lmt"
        ]
      },
      "sdk": {
        "instant": "1879-12-31T14:11:28.000Z",
        "offsetMinutes": 588.5333333333333,
        "flags": [
          "lmt"
        ]
      },
      "exactModel": {
        "instant": "1879-12-31T14:11:28.000Z",
        "offsetMinutes": 588.5333333333333,
        "flags": [
          "lmt"
        ],
        "matches": 1,
        "gapShiftMinutes": 0
      },
      "changed": false,
      "instantChanged": false
    },
    {
      "date": "1880-01-01",
      "time": "00:01",
      "zone": "Pacific/Yap",
      "source": "historical-subminute-transition",
      "site": {
        "instant": "1879-12-31T14:12:28.000Z",
        "offsetMinutes": 588.5333333333333,
        "flags": [
          "lmt"
        ]
      },
      "sdk": {
        "instant": "1879-12-31T14:12:28.000Z",
        "offsetMinutes": 588.5333333333333,
        "flags": [
          "lmt"
        ]
      },
      "exactModel": {
        "instant": "1879-12-31T14:12:28.000Z",
        "offsetMinutes": 588.5333333333333,
        "flags": [
          "lmt"
        ],
        "matches": 1,
        "gapShiftMinutes": 0
      },
      "changed": false,
      "instantChanged": false
    },
    {
      "date": "1880-01-01",
      "time": "00:02",
      "zone": "Pacific/Yap",
      "source": "historical-subminute-transition",
      "site": {
        "instant": "1879-12-31T14:13:28.000Z",
        "offsetMinutes": 588.5333333333333,
        "flags": [
          "lmt"
        ]
      },
      "sdk": {
        "instant": "1879-12-31T14:13:28.000Z",
        "offsetMinutes": 588.5333333333333,
        "flags": [
          "lmt"
        ]
      },
      "exactModel": {
        "instant": "1879-12-31T14:13:28.000Z",
        "offsetMinutes": 588.5333333333333,
        "flags": [
          "lmt"
        ],
        "matches": 1,
        "gapShiftMinutes": 0
      },
      "changed": false,
      "instantChanged": false
    },
    {
      "date": "1879-12-31",
      "time": "23:57",
      "zone": "Pacific/Yap",
      "source": "historical-subminute-transition",
      "site": {
        "instant": "1879-12-31T14:08:20.000Z",
        "offsetMinutes": 588.6666666666666,
        "flags": [
          "dst-fold",
          "lmt"
        ]
      },
      "sdk": {
        "instant": "1879-12-31T14:08:20.000Z",
        "offsetMinutes": 588.6666666666666,
        "flags": [
          "dst-fold",
          "lmt"
        ]
      },
      "exactModel": {
        "instant": "1879-12-31T14:08:20.000Z",
        "offsetMinutes": 588.6666666666666,
        "flags": [
          "lmt"
        ],
        "matches": 1,
        "gapShiftMinutes": 0
      },
      "changed": true,
      "instantChanged": false
    },
    {
      "date": "1900-08-20",
      "time": "11:58",
      "zone": "US/Alaska",
      "source": "historical-subminute-transition",
      "site": {
        "instant": "1900-08-20T21:57:36.000Z",
        "offsetMinutes": -599.6,
        "flags": [
          "dst-fold",
          "lmt"
        ]
      },
      "sdk": {
        "instant": "1900-08-20T21:57:36.000Z",
        "offsetMinutes": -599.6,
        "flags": [
          "dst-fold",
          "lmt"
        ]
      },
      "exactModel": {
        "instant": "1900-08-20T21:57:36.000Z",
        "offsetMinutes": -599.6,
        "flags": [
          "lmt"
        ],
        "matches": 1,
        "gapShiftMinutes": 0
      },
      "changed": true,
      "instantChanged": false
    },
    {
      "date": "1900-08-20",
      "time": "11:59",
      "zone": "US/Alaska",
      "source": "historical-subminute-transition",
      "site": {
        "instant": "1900-08-20T21:58:36.000Z",
        "offsetMinutes": -599.6,
        "flags": [
          "dst-fold",
          "lmt"
        ]
      },
      "sdk": {
        "instant": "1900-08-20T21:58:36.000Z",
        "offsetMinutes": -599.6,
        "flags": [
          "dst-fold",
          "lmt"
        ]
      },
      "exactModel": {
        "instant": "1900-08-20T21:58:36.000Z",
        "offsetMinutes": -599.6,
        "flags": [
          "lmt"
        ],
        "matches": 1,
        "gapShiftMinutes": 0
      },
      "changed": true,
      "instantChanged": false
    },
    {
      "date": "1900-08-20",
      "time": "12:00",
      "zone": "US/Alaska",
      "source": "historical-subminute-transition",
      "site": {
        "instant": "1900-08-20T22:00:00.000Z",
        "offsetMinutes": -600,
        "flags": []
      },
      "sdk": {
        "instant": "1900-08-20T22:00:00.000Z",
        "offsetMinutes": -600,
        "flags": []
      },
      "exactModel": {
        "instant": "1900-08-20T22:00:00.000Z",
        "offsetMinutes": -600,
        "flags": [],
        "matches": 1,
        "gapShiftMinutes": 0
      },
      "changed": false,
      "instantChanged": false
    },
    {
      "date": "1900-08-20",
      "time": "12:01",
      "zone": "US/Alaska",
      "source": "historical-subminute-transition",
      "site": {
        "instant": "1900-08-20T22:01:00.000Z",
        "offsetMinutes": -600,
        "flags": []
      },
      "sdk": {
        "instant": "1900-08-20T22:01:00.000Z",
        "offsetMinutes": -600,
        "flags": []
      },
      "exactModel": {
        "instant": "1900-08-20T22:01:00.000Z",
        "offsetMinutes": -600,
        "flags": [],
        "matches": 1,
        "gapShiftMinutes": 0
      },
      "changed": false,
      "instantChanged": false
    },
    {
      "date": "1900-08-20",
      "time": "12:02",
      "zone": "US/Alaska",
      "source": "historical-subminute-transition",
      "site": {
        "instant": "1900-08-20T22:02:00.000Z",
        "offsetMinutes": -600,
        "flags": []
      },
      "sdk": {
        "instant": "1900-08-20T22:02:00.000Z",
        "offsetMinutes": -600,
        "flags": []
      },
      "exactModel": {
        "instant": "1900-08-20T22:02:00.000Z",
        "offsetMinutes": -600,
        "flags": [],
        "matches": 1,
        "gapShiftMinutes": 0
      },
      "changed": false,
      "instantChanged": false
    },
    {
      "date": "1900-08-20",
      "time": "11:57",
      "zone": "US/Alaska",
      "source": "historical-subminute-transition",
      "site": {
        "instant": "1900-08-20T21:56:36.000Z",
        "offsetMinutes": -599.6,
        "flags": [
          "dst-fold",
          "lmt"
        ]
      },
      "sdk": {
        "instant": "1900-08-20T21:56:36.000Z",
        "offsetMinutes": -599.6,
        "flags": [
          "dst-fold",
          "lmt"
        ]
      },
      "exactModel": {
        "instant": "1900-08-20T21:56:36.000Z",
        "offsetMinutes": -599.6,
        "flags": [
          "lmt"
        ],
        "matches": 1,
        "gapShiftMinutes": 0
      },
      "changed": true,
      "instantChanged": false
    },
    {
      "date": "1883-11-18",
      "time": "11:58",
      "zone": "US/Mountain",
      "source": "historical-subminute-transition",
      "site": {
        "instant": "1883-11-18T18:57:56.000Z",
        "offsetMinutes": -419.93333333333334,
        "flags": [
          "dst-fold",
          "lmt"
        ]
      },
      "sdk": {
        "instant": "1883-11-18T18:57:56.000Z",
        "offsetMinutes": -419.93333333333334,
        "flags": [
          "dst-fold",
          "lmt"
        ]
      },
      "exactModel": {
        "instant": "1883-11-18T18:57:56.000Z",
        "offsetMinutes": -419.93333333333334,
        "flags": [
          "lmt"
        ],
        "matches": 1,
        "gapShiftMinutes": 0
      },
      "changed": true,
      "instantChanged": false
    },
    {
      "date": "1883-11-18",
      "time": "11:59",
      "zone": "US/Mountain",
      "source": "historical-subminute-transition",
      "site": {
        "instant": "1883-11-18T18:58:56.000Z",
        "offsetMinutes": -419.93333333333334,
        "flags": [
          "dst-fold",
          "lmt"
        ]
      },
      "sdk": {
        "instant": "1883-11-18T18:58:56.000Z",
        "offsetMinutes": -419.93333333333334,
        "flags": [
          "dst-fold",
          "lmt"
        ]
      },
      "exactModel": {
        "instant": "1883-11-18T18:58:56.000Z",
        "offsetMinutes": -419.93333333333334,
        "flags": [
          "lmt"
        ],
        "matches": 1,
        "gapShiftMinutes": 0
      },
      "changed": true,
      "instantChanged": false
    },
    {
      "date": "1883-11-18",
      "time": "12:00",
      "zone": "US/Mountain",
      "source": "historical-subminute-transition",
      "site": {
        "instant": "1883-11-18T18:59:56.000Z",
        "offsetMinutes": -419.93333333333334,
        "flags": [
          "dst-fold",
          "lmt"
        ]
      },
      "sdk": {
        "instant": "1883-11-18T18:59:56.000Z",
        "offsetMinutes": -419.93333333333334,
        "flags": [
          "dst-fold",
          "lmt"
        ]
      },
      "exactModel": {
        "instant": "1883-11-18T18:59:56.000Z",
        "offsetMinutes": -419.93333333333334,
        "flags": [
          "dst-fold",
          "lmt"
        ],
        "matches": 2,
        "gapShiftMinutes": 0
      },
      "changed": false,
      "instantChanged": false
    },
    {
      "date": "1883-11-18",
      "time": "12:01",
      "zone": "US/Mountain",
      "source": "historical-subminute-transition",
      "site": {
        "instant": "1883-11-18T19:01:00.000Z",
        "offsetMinutes": -420,
        "flags": []
      },
      "sdk": {
        "instant": "1883-11-18T19:01:00.000Z",
        "offsetMinutes": -420,
        "flags": []
      },
      "exactModel": {
        "instant": "1883-11-18T19:01:00.000Z",
        "offsetMinutes": -420,
        "flags": [],
        "matches": 1,
        "gapShiftMinutes": 0
      },
      "changed": false,
      "instantChanged": false
    },
    {
      "date": "1883-11-18",
      "time": "12:02",
      "zone": "US/Mountain",
      "source": "historical-subminute-transition",
      "site": {
        "instant": "1883-11-18T19:02:00.000Z",
        "offsetMinutes": -420,
        "flags": []
      },
      "sdk": {
        "instant": "1883-11-18T19:02:00.000Z",
        "offsetMinutes": -420,
        "flags": []
      },
      "exactModel": {
        "instant": "1883-11-18T19:02:00.000Z",
        "offsetMinutes": -420,
        "flags": [],
        "matches": 1,
        "gapShiftMinutes": 0
      },
      "changed": false,
      "instantChanged": false
    },
    {
      "date": "1907-07-06",
      "time": "08:30",
      "zone": "America/Mexico_City",
      "source": "guard-and-policy-control",
      "site": {
        "instant": "1907-07-06T15:06:36.000Z",
        "offsetMinutes": -396.6,
        "flags": [
          "lmt"
        ]
      },
      "sdk": {
        "instant": "1907-07-06T15:06:36.000Z",
        "offsetMinutes": -396.6,
        "flags": [
          "lmt"
        ]
      },
      "exactModel": {
        "instant": "1907-07-06T15:06:36.000Z",
        "offsetMinutes": -396.6,
        "flags": [
          "lmt"
        ],
        "matches": 1,
        "gapShiftMinutes": 0
      },
      "changed": false,
      "instantChanged": false
    },
    {
      "date": "2024-03-10",
      "time": "02:30",
      "zone": "America/New_York",
      "source": "guard-and-policy-control",
      "site": {
        "instant": "2024-03-10T07:30:00.000Z",
        "offsetMinutes": -240,
        "flags": [
          "dst-gap"
        ]
      },
      "sdk": {
        "instant": "2024-03-10T07:30:00.000Z",
        "offsetMinutes": -240,
        "flags": [
          "dst-gap"
        ]
      },
      "exactModel": {
        "instant": "2024-03-10T07:30:00.000Z",
        "offsetMinutes": -240,
        "flags": [
          "dst-gap"
        ],
        "matches": 0,
        "gapShiftMinutes": 60
      },
      "changed": false,
      "instantChanged": false
    },
    {
      "date": "2024-11-03",
      "time": "01:30",
      "zone": "America/New_York",
      "source": "guard-and-policy-control",
      "site": {
        "instant": "2024-11-03T05:30:00.000Z",
        "offsetMinutes": -240,
        "flags": [
          "dst-fold"
        ]
      },
      "sdk": {
        "instant": "2024-11-03T05:30:00.000Z",
        "offsetMinutes": -240,
        "flags": [
          "dst-fold"
        ]
      },
      "exactModel": {
        "instant": "2024-11-03T05:30:00.000Z",
        "offsetMinutes": -240,
        "flags": [
          "dst-fold"
        ],
        "matches": 2,
        "gapShiftMinutes": 0
      },
      "changed": false,
      "instantChanged": false
    },
    {
      "date": "2024-10-06",
      "time": "02:15",
      "zone": "Australia/Lord_Howe",
      "source": "guard-and-policy-control",
      "site": {
        "instant": "2024-10-05T15:45:00.000Z",
        "offsetMinutes": 660,
        "flags": [
          "dst-gap"
        ]
      },
      "sdk": {
        "instant": "2024-10-05T15:45:00.000Z",
        "offsetMinutes": 660,
        "flags": [
          "dst-gap"
        ]
      },
      "exactModel": {
        "instant": "2024-10-05T15:45:00.000Z",
        "offsetMinutes": 660,
        "flags": [
          "dst-gap"
        ],
        "matches": 0,
        "gapShiftMinutes": 30
      },
      "changed": false,
      "instantChanged": false
    },
    {
      "date": "2024-04-07",
      "time": "01:45",
      "zone": "Australia/Lord_Howe",
      "source": "guard-and-policy-control",
      "site": {
        "instant": "2024-04-06T14:45:00.000Z",
        "offsetMinutes": 660,
        "flags": [
          "dst-fold"
        ]
      },
      "sdk": {
        "instant": "2024-04-06T14:45:00.000Z",
        "offsetMinutes": 660,
        "flags": [
          "dst-fold"
        ]
      },
      "exactModel": {
        "instant": "2024-04-06T14:45:00.000Z",
        "offsetMinutes": 660,
        "flags": [
          "dst-fold"
        ],
        "matches": 2,
        "gapShiftMinutes": 0
      },
      "changed": false,
      "instantChanged": false
    },
    {
      "date": "2011-12-30",
      "time": "12:00",
      "zone": "Pacific/Apia",
      "source": "guard-and-policy-control",
      "site": {
        "instant": "2011-12-30T22:00:00.000Z",
        "offsetMinutes": 840,
        "flags": [
          "dst-gap"
        ]
      },
      "sdk": {
        "instant": "2011-12-30T22:00:00.000Z",
        "offsetMinutes": 840,
        "flags": [
          "dst-gap"
        ]
      },
      "exactModel": {
        "instant": "2011-12-30T22:00:00.000Z",
        "offsetMinutes": 840,
        "flags": [
          "dst-gap"
        ],
        "matches": 0,
        "gapShiftMinutes": 1440
      },
      "changed": false,
      "instantChanged": false
    },
    {
      "date": "1914-01-01",
      "time": "12:00",
      "zone": "America/Manaus",
      "source": "guard-and-policy-control",
      "site": {
        "instant": "1914-01-01T16:00:00.000Z",
        "offsetMinutes": -240,
        "flags": [
          "dst-fold"
        ]
      },
      "sdk": {
        "instant": "1914-01-01T16:00:00.000Z",
        "offsetMinutes": -240,
        "flags": [
          "dst-fold"
        ]
      },
      "exactModel": {
        "instant": "1914-01-01T16:00:00.000Z",
        "offsetMinutes": -240,
        "flags": [],
        "matches": 1,
        "gapShiftMinutes": 0
      },
      "changed": true,
      "instantChanged": false
    },
    {
      "date": "0000-02-29",
      "time": "12:00",
      "zone": "UTC",
      "source": "guard-and-policy-control",
      "site": {
        "instant": "0000-02-29T12:00:00.000Z",
        "offsetMinutes": 0,
        "flags": []
      },
      "sdk": {
        "instant": "0000-02-29T12:00:00.000Z",
        "offsetMinutes": 0,
        "flags": []
      },
      "exactModel": {
        "instant": "0000-02-29T12:00:00.000Z",
        "offsetMinutes": 0,
        "flags": [],
        "matches": 1,
        "gapShiftMinutes": 0
      },
      "changed": false,
      "instantChanged": false
    },
    {
      "date": "0000-01-01",
      "time": "00:30",
      "zone": "Etc/GMT-1",
      "source": "guard-and-policy-control",
      "site": {
        "instant": "-000001-12-31T23:30:00.000Z",
        "offsetMinutes": 60,
        "flags": []
      },
      "sdk": {
        "instant": "-000001-12-31T23:30:00.000Z",
        "offsetMinutes": 60,
        "flags": []
      },
      "exactModel": {
        "instant": "-000001-12-31T23:30:00.000Z",
        "offsetMinutes": 60,
        "flags": [],
        "matches": 1,
        "gapShiftMinutes": 0
      },
      "changed": false,
      "instantChanged": false
    },
    {
      "date": "0099-12-31",
      "time": "12:00",
      "zone": "UTC",
      "source": "guard-and-policy-control",
      "site": {
        "instant": "0099-12-31T12:00:00.000Z",
        "offsetMinutes": 0,
        "flags": []
      },
      "sdk": {
        "instant": "0099-12-31T12:00:00.000Z",
        "offsetMinutes": 0,
        "flags": []
      },
      "exactModel": {
        "instant": "0099-12-31T12:00:00.000Z",
        "offsetMinutes": 0,
        "flags": [],
        "matches": 1,
        "gapShiftMinutes": 0
      },
      "changed": false,
      "instantChanged": false
    },
    {
      "date": "0100-01-01",
      "time": "12:00",
      "zone": "UTC",
      "source": "guard-and-policy-control",
      "site": {
        "instant": "0100-01-01T12:00:00.000Z",
        "offsetMinutes": 0,
        "flags": []
      },
      "sdk": {
        "instant": "0100-01-01T12:00:00.000Z",
        "offsetMinutes": 0,
        "flags": []
      },
      "exactModel": {
        "instant": "0100-01-01T12:00:00.000Z",
        "offsetMinutes": 0,
        "flags": [],
        "matches": 1,
        "gapShiftMinutes": 0
      },
      "changed": false,
      "instantChanged": false
    }
  ],
  "guards": [
    {
      "date": "2001-02-29",
      "time": "08:30",
      "zone": "UTC",
      "siteRejected": true,
      "sdkRejected": true
    },
    {
      "date": "1900-02-29",
      "time": "08:30",
      "zone": "UTC",
      "siteRejected": true,
      "sdkRejected": true
    },
    {
      "date": "2000-02-30",
      "time": "08:30",
      "zone": "UTC",
      "siteRejected": true,
      "sdkRejected": true
    },
    {
      "date": "2001-01-01",
      "time": "24:00",
      "zone": "UTC",
      "siteRejected": true,
      "sdkRejected": true
    },
    {
      "date": "2001-01-01\n",
      "time": "08:30",
      "zone": "UTC",
      "siteRejected": true,
      "sdkRejected": true
    },
    {
      "date": "2001-01-01",
      "time": "08:30\n",
      "zone": "UTC",
      "siteRejected": true,
      "sdkRejected": true
    },
    {
      "date": "2001-01-01",
      "time": "08:30",
      "zone": null,
      "siteRejected": true,
      "sdkRejected": true
    },
    {
      "date": "2001-01-01",
      "time": "08:30",
      "zone": "Synthetic/Invalid",
      "siteRejected": true,
      "sdkRejected": true
    }
  ],
  "endpoints": [
    {
      "date": "1919-03-31",
      "zone": "America/Toronto",
      "start": "1919-03-31T05:00:00.000Z",
      "end": "1919-04-01T03:59:59.999Z",
      "durationMs": 82800000,
      "startWall": [
        {
          "type": "month",
          "value": "03"
        },
        {
          "type": "literal",
          "value": "/"
        },
        {
          "type": "day",
          "value": "31"
        },
        {
          "type": "literal",
          "value": "/"
        },
        {
          "type": "year",
          "value": "1919"
        },
        {
          "type": "literal",
          "value": " "
        },
        {
          "type": "era",
          "value": "AD"
        },
        {
          "type": "literal",
          "value": ", "
        },
        {
          "type": "hour",
          "value": "01"
        },
        {
          "type": "literal",
          "value": ":"
        },
        {
          "type": "minute",
          "value": "00"
        },
        {
          "type": "literal",
          "value": ":"
        },
        {
          "type": "second",
          "value": "00"
        },
        {
          "type": "literal",
          "value": "."
        },
        {
          "type": "fractionalSecond",
          "value": "000"
        }
      ],
      "endWall": [
        {
          "type": "month",
          "value": "03"
        },
        {
          "type": "literal",
          "value": "/"
        },
        {
          "type": "day",
          "value": "31"
        },
        {
          "type": "literal",
          "value": "/"
        },
        {
          "type": "year",
          "value": "1919"
        },
        {
          "type": "literal",
          "value": " "
        },
        {
          "type": "era",
          "value": "AD"
        },
        {
          "type": "literal",
          "value": ", "
        },
        {
          "type": "hour",
          "value": "23"
        },
        {
          "type": "literal",
          "value": ":"
        },
        {
          "type": "minute",
          "value": "59"
        },
        {
          "type": "literal",
          "value": ":"
        },
        {
          "type": "second",
          "value": "59"
        },
        {
          "type": "literal",
          "value": "."
        },
        {
          "type": "fractionalSecond",
          "value": "999"
        }
      ],
      "exactMidnightModel": {
        "instant": "1919-03-31T05:00:00.000Z",
        "offsetMinutes": -240,
        "flags": [
          "dst-gap"
        ]
      }
    },
    {
      "date": "1919-03-30",
      "zone": "America/Toronto",
      "start": "1919-03-30T05:00:00.000Z",
      "end": "1919-03-31T04:59:59.999Z",
      "durationMs": 86400000,
      "startWall": [
        {
          "type": "month",
          "value": "03"
        },
        {
          "type": "literal",
          "value": "/"
        },
        {
          "type": "day",
          "value": "30"
        },
        {
          "type": "literal",
          "value": "/"
        },
        {
          "type": "year",
          "value": "1919"
        },
        {
          "type": "literal",
          "value": " "
        },
        {
          "type": "era",
          "value": "AD"
        },
        {
          "type": "literal",
          "value": ", "
        },
        {
          "type": "hour",
          "value": "00"
        },
        {
          "type": "literal",
          "value": ":"
        },
        {
          "type": "minute",
          "value": "00"
        },
        {
          "type": "literal",
          "value": ":"
        },
        {
          "type": "second",
          "value": "00"
        },
        {
          "type": "literal",
          "value": "."
        },
        {
          "type": "fractionalSecond",
          "value": "000"
        }
      ],
      "endWall": [
        {
          "type": "month",
          "value": "03"
        },
        {
          "type": "literal",
          "value": "/"
        },
        {
          "type": "day",
          "value": "31"
        },
        {
          "type": "literal",
          "value": "/"
        },
        {
          "type": "year",
          "value": "1919"
        },
        {
          "type": "literal",
          "value": " "
        },
        {
          "type": "era",
          "value": "AD"
        },
        {
          "type": "literal",
          "value": ", "
        },
        {
          "type": "hour",
          "value": "00"
        },
        {
          "type": "literal",
          "value": ":"
        },
        {
          "type": "minute",
          "value": "59"
        },
        {
          "type": "literal",
          "value": ":"
        },
        {
          "type": "second",
          "value": "59"
        },
        {
          "type": "literal",
          "value": "."
        },
        {
          "type": "fractionalSecond",
          "value": "999"
        }
      ],
      "exactMidnightModel": {
        "instant": "1919-03-30T05:00:00.000Z",
        "offsetMinutes": -300,
        "flags": []
      }
    },
    {
      "date": "2011-12-30",
      "zone": "Pacific/Apia",
      "start": "2011-12-30T10:00:00.000Z",
      "end": "2011-12-30T09:59:59.999Z",
      "durationMs": 0,
      "startWall": [
        {
          "type": "month",
          "value": "12"
        },
        {
          "type": "literal",
          "value": "/"
        },
        {
          "type": "day",
          "value": "31"
        },
        {
          "type": "literal",
          "value": "/"
        },
        {
          "type": "year",
          "value": "2011"
        },
        {
          "type": "literal",
          "value": " "
        },
        {
          "type": "era",
          "value": "AD"
        },
        {
          "type": "literal",
          "value": ", "
        },
        {
          "type": "hour",
          "value": "00"
        },
        {
          "type": "literal",
          "value": ":"
        },
        {
          "type": "minute",
          "value": "00"
        },
        {
          "type": "literal",
          "value": ":"
        },
        {
          "type": "second",
          "value": "00"
        },
        {
          "type": "literal",
          "value": "."
        },
        {
          "type": "fractionalSecond",
          "value": "000"
        }
      ],
      "endWall": [
        {
          "type": "month",
          "value": "12"
        },
        {
          "type": "literal",
          "value": "/"
        },
        {
          "type": "day",
          "value": "29"
        },
        {
          "type": "literal",
          "value": "/"
        },
        {
          "type": "year",
          "value": "2011"
        },
        {
          "type": "literal",
          "value": " "
        },
        {
          "type": "era",
          "value": "AD"
        },
        {
          "type": "literal",
          "value": ", "
        },
        {
          "type": "hour",
          "value": "23"
        },
        {
          "type": "literal",
          "value": ":"
        },
        {
          "type": "minute",
          "value": "59"
        },
        {
          "type": "literal",
          "value": ":"
        },
        {
          "type": "second",
          "value": "59"
        },
        {
          "type": "literal",
          "value": "."
        },
        {
          "type": "fractionalSecond",
          "value": "999"
        }
      ],
      "exactMidnightModel": {
        "instant": "2011-12-30T10:00:00.000Z",
        "offsetMinutes": 840,
        "flags": [
          "dst-gap"
        ]
      }
    },
    {
      "date": "0000-01-01",
      "zone": "UTC",
      "start": "0000-01-01T00:00:00.000Z",
      "end": "1900-01-01T23:59:59.999Z",
      "durationMs": 59958316800000,
      "startWall": [
        {
          "type": "month",
          "value": "01"
        },
        {
          "type": "literal",
          "value": "/"
        },
        {
          "type": "day",
          "value": "01"
        },
        {
          "type": "literal",
          "value": "/"
        },
        {
          "type": "year",
          "value": "1"
        },
        {
          "type": "literal",
          "value": " "
        },
        {
          "type": "era",
          "value": "BC"
        },
        {
          "type": "literal",
          "value": ", "
        },
        {
          "type": "hour",
          "value": "00"
        },
        {
          "type": "literal",
          "value": ":"
        },
        {
          "type": "minute",
          "value": "00"
        },
        {
          "type": "literal",
          "value": ":"
        },
        {
          "type": "second",
          "value": "00"
        },
        {
          "type": "literal",
          "value": "."
        },
        {
          "type": "fractionalSecond",
          "value": "000"
        }
      ],
      "endWall": [
        {
          "type": "month",
          "value": "01"
        },
        {
          "type": "literal",
          "value": "/"
        },
        {
          "type": "day",
          "value": "01"
        },
        {
          "type": "literal",
          "value": "/"
        },
        {
          "type": "year",
          "value": "1900"
        },
        {
          "type": "literal",
          "value": " "
        },
        {
          "type": "era",
          "value": "AD"
        },
        {
          "type": "literal",
          "value": ", "
        },
        {
          "type": "hour",
          "value": "23"
        },
        {
          "type": "literal",
          "value": ":"
        },
        {
          "type": "minute",
          "value": "59"
        },
        {
          "type": "literal",
          "value": ":"
        },
        {
          "type": "second",
          "value": "59"
        },
        {
          "type": "literal",
          "value": "."
        },
        {
          "type": "fractionalSecond",
          "value": "999"
        }
      ],
      "exactMidnightModel": {
        "instant": "0000-01-01T00:00:00.000Z",
        "offsetMinutes": 0,
        "flags": []
      }
    },
    {
      "date": "1914-01-01",
      "zone": "America/Manaus",
      "start": "1914-01-01T04:00:04.000Z",
      "end": "1914-01-02T03:59:59.999Z",
      "durationMs": 86396000,
      "startWall": [
        {
          "type": "month",
          "value": "01"
        },
        {
          "type": "literal",
          "value": "/"
        },
        {
          "type": "day",
          "value": "01"
        },
        {
          "type": "literal",
          "value": "/"
        },
        {
          "type": "year",
          "value": "1914"
        },
        {
          "type": "literal",
          "value": " "
        },
        {
          "type": "era",
          "value": "AD"
        },
        {
          "type": "literal",
          "value": ", "
        },
        {
          "type": "hour",
          "value": "00"
        },
        {
          "type": "literal",
          "value": ":"
        },
        {
          "type": "minute",
          "value": "00"
        },
        {
          "type": "literal",
          "value": ":"
        },
        {
          "type": "second",
          "value": "04"
        },
        {
          "type": "literal",
          "value": "."
        },
        {
          "type": "fractionalSecond",
          "value": "000"
        }
      ],
      "endWall": [
        {
          "type": "month",
          "value": "01"
        },
        {
          "type": "literal",
          "value": "/"
        },
        {
          "type": "day",
          "value": "01"
        },
        {
          "type": "literal",
          "value": "/"
        },
        {
          "type": "year",
          "value": "1914"
        },
        {
          "type": "literal",
          "value": " "
        },
        {
          "type": "era",
          "value": "AD"
        },
        {
          "type": "literal",
          "value": ", "
        },
        {
          "type": "hour",
          "value": "23"
        },
        {
          "type": "literal",
          "value": ":"
        },
        {
          "type": "minute",
          "value": "59"
        },
        {
          "type": "literal",
          "value": ":"
        },
        {
          "type": "second",
          "value": "59"
        },
        {
          "type": "literal",
          "value": "."
        },
        {
          "type": "fractionalSecond",
          "value": "999"
        }
      ],
      "exactMidnightModel": {
        "instant": "1914-01-01T04:00:04.000Z",
        "offsetMinutes": -240,
        "flags": [
          "dst-gap"
        ]
      }
    }
  ],
  "crossingControls": [
    {
      "zone": "America/Montreal",
      "atMs": -1601753400000,
      "date": "1919-03-31",
      "beforeSeconds": -18000,
      "afterSeconds": -14400,
      "firstWall": "1919-03-30T23:30:00+00:00",
      "nextWall": "1919-03-31T00:30:00+00:00",
      "actualBeforeMinutes": -300,
      "actualAfterMinutes": -240,
      "actualTransitionWall": [
        {
          "type": "month",
          "value": "03"
        },
        {
          "type": "literal",
          "value": "/"
        },
        {
          "type": "day",
          "value": "31"
        },
        {
          "type": "literal",
          "value": "/"
        },
        {
          "type": "year",
          "value": "1919"
        },
        {
          "type": "literal",
          "value": " "
        },
        {
          "type": "era",
          "value": "AD"
        },
        {
          "type": "literal",
          "value": ", "
        },
        {
          "type": "hour",
          "value": "00"
        },
        {
          "type": "literal",
          "value": ":"
        },
        {
          "type": "minute",
          "value": "30"
        },
        {
          "type": "literal",
          "value": ":"
        },
        {
          "type": "second",
          "value": "00"
        },
        {
          "type": "literal",
          "value": "."
        },
        {
          "type": "fractionalSecond",
          "value": "000"
        }
      ]
    },
    {
      "zone": "America/Nassau",
      "atMs": -1601753400000,
      "date": "1919-03-31",
      "beforeSeconds": -18000,
      "afterSeconds": -14400,
      "firstWall": "1919-03-30T23:30:00+00:00",
      "nextWall": "1919-03-31T00:30:00+00:00",
      "actualBeforeMinutes": -300,
      "actualAfterMinutes": -240,
      "actualTransitionWall": [
        {
          "type": "month",
          "value": "03"
        },
        {
          "type": "literal",
          "value": "/"
        },
        {
          "type": "day",
          "value": "31"
        },
        {
          "type": "literal",
          "value": "/"
        },
        {
          "type": "year",
          "value": "1919"
        },
        {
          "type": "literal",
          "value": " "
        },
        {
          "type": "era",
          "value": "AD"
        },
        {
          "type": "literal",
          "value": ", "
        },
        {
          "type": "hour",
          "value": "00"
        },
        {
          "type": "literal",
          "value": ":"
        },
        {
          "type": "minute",
          "value": "30"
        },
        {
          "type": "literal",
          "value": ":"
        },
        {
          "type": "second",
          "value": "00"
        },
        {
          "type": "literal",
          "value": "."
        },
        {
          "type": "fractionalSecond",
          "value": "000"
        }
      ]
    },
    {
      "zone": "America/Nipigon",
      "atMs": -1601753400000,
      "date": "1919-03-31",
      "beforeSeconds": -18000,
      "afterSeconds": -14400,
      "firstWall": "1919-03-30T23:30:00+00:00",
      "nextWall": "1919-03-31T00:30:00+00:00",
      "actualBeforeMinutes": -300,
      "actualAfterMinutes": -240,
      "actualTransitionWall": [
        {
          "type": "month",
          "value": "03"
        },
        {
          "type": "literal",
          "value": "/"
        },
        {
          "type": "day",
          "value": "31"
        },
        {
          "type": "literal",
          "value": "/"
        },
        {
          "type": "year",
          "value": "1919"
        },
        {
          "type": "literal",
          "value": " "
        },
        {
          "type": "era",
          "value": "AD"
        },
        {
          "type": "literal",
          "value": ", "
        },
        {
          "type": "hour",
          "value": "00"
        },
        {
          "type": "literal",
          "value": ":"
        },
        {
          "type": "minute",
          "value": "30"
        },
        {
          "type": "literal",
          "value": ":"
        },
        {
          "type": "second",
          "value": "00"
        },
        {
          "type": "literal",
          "value": "."
        },
        {
          "type": "fractionalSecond",
          "value": "000"
        }
      ]
    },
    {
      "zone": "America/Thunder_Bay",
      "atMs": -1601753400000,
      "date": "1919-03-31",
      "beforeSeconds": -18000,
      "afterSeconds": -14400,
      "firstWall": "1919-03-30T23:30:00+00:00",
      "nextWall": "1919-03-31T00:30:00+00:00",
      "actualBeforeMinutes": -300,
      "actualAfterMinutes": -240,
      "actualTransitionWall": [
        {
          "type": "month",
          "value": "03"
        },
        {
          "type": "literal",
          "value": "/"
        },
        {
          "type": "day",
          "value": "31"
        },
        {
          "type": "literal",
          "value": "/"
        },
        {
          "type": "year",
          "value": "1919"
        },
        {
          "type": "literal",
          "value": " "
        },
        {
          "type": "era",
          "value": "AD"
        },
        {
          "type": "literal",
          "value": ", "
        },
        {
          "type": "hour",
          "value": "00"
        },
        {
          "type": "literal",
          "value": ":"
        },
        {
          "type": "minute",
          "value": "30"
        },
        {
          "type": "literal",
          "value": ":"
        },
        {
          "type": "second",
          "value": "00"
        },
        {
          "type": "literal",
          "value": "."
        },
        {
          "type": "fractionalSecond",
          "value": "000"
        }
      ]
    },
    {
      "zone": "America/Toronto",
      "atMs": -1601753400000,
      "date": "1919-03-31",
      "beforeSeconds": -18000,
      "afterSeconds": -14400,
      "firstWall": "1919-03-30T23:30:00+00:00",
      "nextWall": "1919-03-31T00:30:00+00:00",
      "actualBeforeMinutes": -300,
      "actualAfterMinutes": -240,
      "actualTransitionWall": [
        {
          "type": "month",
          "value": "03"
        },
        {
          "type": "literal",
          "value": "/"
        },
        {
          "type": "day",
          "value": "31"
        },
        {
          "type": "literal",
          "value": "/"
        },
        {
          "type": "year",
          "value": "1919"
        },
        {
          "type": "literal",
          "value": " "
        },
        {
          "type": "era",
          "value": "AD"
        },
        {
          "type": "literal",
          "value": ", "
        },
        {
          "type": "hour",
          "value": "00"
        },
        {
          "type": "literal",
          "value": ":"
        },
        {
          "type": "minute",
          "value": "30"
        },
        {
          "type": "literal",
          "value": ":"
        },
        {
          "type": "second",
          "value": "00"
        },
        {
          "type": "literal",
          "value": "."
        },
        {
          "type": "fractionalSecond",
          "value": "000"
        }
      ]
    },
    {
      "zone": "Canada/Eastern",
      "atMs": -1601753400000,
      "date": "1919-03-31",
      "beforeSeconds": -18000,
      "afterSeconds": -14400,
      "firstWall": "1919-03-30T23:30:00+00:00",
      "nextWall": "1919-03-31T00:30:00+00:00",
      "actualBeforeMinutes": -300,
      "actualAfterMinutes": -240,
      "actualTransitionWall": [
        {
          "type": "month",
          "value": "03"
        },
        {
          "type": "literal",
          "value": "/"
        },
        {
          "type": "day",
          "value": "31"
        },
        {
          "type": "literal",
          "value": "/"
        },
        {
          "type": "year",
          "value": "1919"
        },
        {
          "type": "literal",
          "value": " "
        },
        {
          "type": "era",
          "value": "AD"
        },
        {
          "type": "literal",
          "value": ", "
        },
        {
          "type": "hour",
          "value": "00"
        },
        {
          "type": "literal",
          "value": ":"
        },
        {
          "type": "minute",
          "value": "30"
        },
        {
          "type": "literal",
          "value": ":"
        },
        {
          "type": "second",
          "value": "00"
        },
        {
          "type": "literal",
          "value": "."
        },
        {
          "type": "fractionalSecond",
          "value": "000"
        }
      ]
    }
  ],
  "syntheticSampling": {
    "modelOnly": true,
    "notActualIanaEvidence": true,
    "policy": "offset 0, then +120 minutes for UTC 1999-12-31T23:00 through 2000-01-01T01:00, then 0",
    "target": "2000-01-01 02:00",
    "earlierValidInstant": "2000-01-01T00:00:00.000Z",
    "sampledResult": {
      "instant": "2000-01-01T02:00:00.000Z",
      "offsetMinutes": 0,
      "flags": []
    },
    "missedEarlierFold": true
  }
}
